Store Link,Flyer URLs
https://www.conad.it/ricerca-negozi/conad-city-via-goffredo-mameli-60-62-53100-siena--005373,"https://www.conad.it/assets/common/volantini/cno/v2506p/2506P_CITY_TOSCANA_PERS.pdf?_u=bf113a8ac30e0aef710db6539ad299370fa8e907, https://www.conad.it/assets/common/volantini/cno/vloc-s/LOC_SCSSCNCY_TO_13-03-25.pdf?_u=eb61ac6de769963f59a7da72e92752b617bf0b14, https://www.conad.it/assets/common/volantini/cno/v2505p/2505P_CITY_TOSCANA_PERS.pdf?_u=f45f1dda7157af7ca717014be9bdbcb1240fbee2, https://www.conad.it/assets/common/volantini/cno/vheyco/HeyConad_SpesaOnlineBIO_A4.pdf?_u=f7c0ad3af49a4eb7e6567390e0b0cd8121bf7a62, https://www.conad.it/assets/common/volantini/cno/vmi-pr/MI_PREMIO_27-02_CY_TOSCANA.pdf?_u=572303465965a8f67eb781f06449e1b3d70a0ce1"
https://www.conad.it/ricerca-negozi/sapori-dintorni-conad-via-de-bardi-45-47-50125-firenze--008203,"https://www.conad.it/assets/common/volantini/cno/v2506p/2506P_CITY_TOSCANA_PERS.pdf?_u=bf113a8ac30e0aef710db6539ad299370fa8e907, https://www.conad.it/assets/common/volantini/cno/vloc-s/LOC_SCSSCNCY_TO_13-03-25.pdf?_u=eb61ac6de769963f59a7da72e92752b617bf0b14, https://www.conad.it/assets/common/volantini/cno/v2505p/2505P_CITY_TOSCANA_PERS.pdf?_u=f45f1dda7157af7ca717014be9bdbcb1240fbee2, https://www.conad.it/assets/common/volantini/cno/vmi-pr/MI_PREMIO_27-02_CY_TOSCANA.pdf?_u=572303465965a8f67eb781f06449e1b3d70a0ce1"
https://www.conad.it/ricerca-negozi/conad-city-viale-cerboni-4-57033-marciana-marina--000801,"https://www.conad.it/assets/common/volantini/cno/v20252/20252506PCITYELBA.pdf?_u=879fdbd57dfa6ee42ca4cdfe7a76da34f8baa380, https://www.conad.it/assets/common/volantini/cno/vloc-s/LOC_SCSSCNCY_TO_13-03-25.pdf?_u=eb61ac6de769963f59a7da72e92752b617bf0b14, https://www.conad.it/assets/common/volantini/cno/v20252/20252505PCITYELBA.pdf?_u=186691e861817f4ab017da22be463dcc43686c16, https://www.conad.it/assets/common/volantini/cno/vmi-pr/MI_PREMIO_27-02_CY_TOSCANA.pdf?_u=572303465965a8f67eb781f06449e1b3d70a0ce1"
https://www.conad.it/ricerca-negozi/conad-via-stradella-ang-v-intercomunale-479-54038-montignoso--008977,"https://www.conad.it/assets/common/volantini/cno/v20252/20252506PCONADTOSCANA.pdf?_u=1d64585c46905335ab98147710318cc1399be773, https://www.conad.it/assets/common/volantini/cno/vloc-s/LOC_SCSSCNCY_SP_13-03-25.pdf?_u=d723fa8aae58d1aec4b875899300c38d9a28c29f, https://www.conad.it/assets/common/volantini/cno/v20252/20252505PCONADTOSCANA.pdf?_u=28aaf91f5bd4de857101640e6eab118a88ffa84c, https://www.conad.it/assets/common/volantini/cno/vheyco/HeyConad_SpesaOnlineBIO_A4.pdf?_u=f7c0ad3af49a4eb7e6567390e0b0cd8121bf7a62, https://www.conad.it/assets/common/volantini/cno/vmi-pr/MI_PREMIO_27-02_CN_TOSCANA.pdf?_u=56a0e6f5edee8e2ee4613b7cdbfd309667e2227a"
https://www.conad.it/ricerca-negozi/sapori-dintorni-conad-borgo-san-lorenzo-15-17-50123-firenze--008920,"https://www.conad.it/assets/common/volantini/cno/v2506p/2506P_CITY_TOSCANA_PERS.pdf?_u=bf113a8ac30e0aef710db6539ad299370fa8e907, https://www.conad.it/assets/common/volantini/cno/vloc-s/LOC_SCSSCNCY_TO_13-03-25.pdf?_u=eb61ac6de769963f59a7da72e92752b617bf0b14, https://www.conad.it/assets/common/volantini/cno/v2505p/2505P_CITY_TOSCANA_PERS.pdf?_u=f45f1dda7157af7ca717014be9bdbcb1240fbee2, https://www.conad.it/assets/common/volantini/cno/vmi-pr/MI_PREMIO_27-02_CY_TOSCANA.pdf?_u=572303465965a8f67eb781f06449e1b3d70a0ce1"
https://www.conad.it/ricerca-negozi/conad-city-viale-curtatone-16-53100-siena--010476,"https://www.conad.it/assets/common/volantini/cno/v2506p/2506P_CITY_TOSCANA_PERS.pdf?_u=bf113a8ac30e0aef710db6539ad299370fa8e907, https://www.conad.it/assets/common/volantini/cno/vloc-s/LOC_SCSSCNCY_TO_13-03-25.pdf?_u=eb61ac6de769963f59a7da72e92752b617bf0b14, https://www.conad.it/assets/common/volantini/cno/v2505p/2505P_CITY_TOSCANA_PERS.pdf?_u=f45f1dda7157af7ca717014be9bdbcb1240fbee2, https://www.conad.it/assets/common/volantini/cno/vheyco/HeyConad_SpesaOnlineBIO_A4.pdf?_u=f7c0ad3af49a4eb7e6567390e0b0cd8121bf7a62, https://www.conad.it/assets/common/volantini/cno/vmi-pr/MI_PREMIO_27-02_CY_TOSCANA.pdf?_u=572303465965a8f67eb781f06449e1b3d70a0ce1"
https://www.conad.it/ricerca-negozi/conad-city-via-provinciale-60-55045-pietrasanta--006503,"https://www.conad.it/assets/common/volantini/cno/v2506p/2506P_CITY_TOSCANA_PERS.pdf?_u=bf113a8ac30e0aef710db6539ad299370fa8e907, https://www.conad.it/assets/common/volantini/cno/vloc-s/LOC_SCSSCNCY_TO_13-03-25.pdf?_u=eb61ac6de769963f59a7da72e92752b617bf0b14, https://www.conad.it/assets/common/volantini/cno/v2505p/2505P_CITY_TOSCANA_PERS.pdf?_u=f45f1dda7157af7ca717014be9bdbcb1240fbee2, https://www.conad.it/assets/common/volantini/cno/vheyco/HeyConad_SpesaOnlineBIO_A4.pdf?_u=f7c0ad3af49a4eb7e6567390e0b0cd8121bf7a62, https://www.conad.it/assets/common/volantini/cno/vmi-pr/MI_PREMIO_27-02_CY_TOSCANA.pdf?_u=572303465965a8f67eb781f06449e1b3d70a0ce1"
https://www.conad.it/ricerca-negozi/conad-city-via-giacomo-zanella-snc-50124-firenze--010067,"https://www.conad.it/assets/common/volantini/cno/v2506p/2506P_CITY_TOSCANA_PERS.pdf?_u=bf113a8ac30e0aef710db6539ad299370fa8e907, https://www.conad.it/assets/common/volantini/cno/vloc-s/LOC_SCSSCNCY_TO_13-03-25.pdf?_u=eb61ac6de769963f59a7da72e92752b617bf0b14, https://www.conad.it/assets/common/volantini/cno/v2505p/2505P_CITY_TOSCANA_PERS.pdf?_u=f45f1dda7157af7ca717014be9bdbcb1240fbee2, https://www.conad.it/assets/common/volantini/cno/vheyco/HeyConad_SpesaOnlineBIO_A4.pdf?_u=f7c0ad3af49a4eb7e6567390e0b0cd8121bf7a62, https://www.conad.it/assets/common/volantini/cno/vmi-pr/MI_PREMIO_27-02_CY_TOSCANA.pdf?_u=572303465965a8f67eb781f06449e1b3d70a0ce1"
https://www.conad.it/ricerca-negozi/conad-city-via-pantaneto-snc-53100-siena--008151,"https://www.conad.it/assets/common/volantini/cno/v2506p/2506P_CITY_TOSCANA_PERS.pdf?_u=bf113a8ac30e0aef710db6539ad299370fa8e907, https://www.conad.it/assets/common/volantini/cno/vloc-s/LOC_SCSSCNCY_TO_13-03-25.pdf?_u=eb61ac6de769963f59a7da72e92752b617bf0b14, https://www.conad.it/assets/common/volantini/cno/v2505p/2505P_CITY_TOSCANA_PERS.pdf?_u=f45f1dda7157af7ca717014be9bdbcb1240fbee2, https://www.conad.it/assets/common/volantini/cno/vmi-pr/MI_PREMIO_27-02_CY_TOSCANA.pdf?_u=572303465965a8f67eb781f06449e1b3d70a0ce1"
https://www.conad.it/ricerca-negozi/conad-city-via-fucini-14-57034-campo-nellelba--002291,
https://www.conad.it/ricerca-negozi/conad-superstore-via-aurelia-sud-54-55045-pietrasanta--006535,"https://www.conad.it/assets/common/volantini/cno/v2506p/2506P_SUPERSTORE_TOSCANA_PERS.pdf?_u=07aa3b5b989f1784ad96e9ae150868d441cd0198, https://www.conad.it/assets/common/volantini/cno/vloc-s/LOC_SCSSCNCY_TO_13-03-25.pdf?_u=eb61ac6de769963f59a7da72e92752b617bf0b14, https://www.conad.it/assets/common/volantini/cno/v2505p/2505P_SUPERSTORE_TOSCANA_PERS.pdf?_u=a927b30a40609c2bb28f0191ba0306a1243b284c, https://www.conad.it/assets/common/volantini/cno/vheyco/HeyConad_SpesaOnlineBIO_A4.pdf?_u=f7c0ad3af49a4eb7e6567390e0b0cd8121bf7a62, https://www.conad.it/assets/common/volantini/cno/vmi-pr/MI_PREMIO_27-02_SC-SS_TOSCANA.pdf?_u=82174e59d68eb5115f33f782e91a2293c96b0f95"
https://www.conad.it/ricerca-negozi/conad-city-via-circondaria-58-60-50127-firenze--010419,"https://www.conad.it/assets/common/volantini/cno/v2506p/2506P_CITY_TOSCANA_PERS.pdf?_u=bf113a8ac30e0aef710db6539ad299370fa8e907, https://www.conad.it/assets/common/volantini/cno/vloc-s/LOC_SCSSCNCY_TO_13-03-25.pdf?_u=eb61ac6de769963f59a7da72e92752b617bf0b14, https://www.conad.it/assets/common/volantini/cno/v2505p/2505P_CITY_TOSCANA_PERS.pdf?_u=f45f1dda7157af7ca717014be9bdbcb1240fbee2, https://www.conad.it/assets/common/volantini/cno/vmi-pr/MI_PREMIO_27-02_CY_TOSCANA.pdf?_u=572303465965a8f67eb781f06449e1b3d70a0ce1"
https://www.conad.it/ricerca-negozi/conad-via-massetana-romana-58-53100-siena--003389,"https://www.conad.it/assets/common/volantini/cno/v2506p/2506P_CONAD_TOSCANA_PERS.pdf?_u=50779c474545c6ff28c14ec4986e1ca0d3d2ca28, https://www.conad.it/assets/common/volantini/cno/vloc-s/LOC_SCSSCNCY_TO_13-03-25.pdf?_u=eb61ac6de769963f59a7da72e92752b617bf0b14, https://www.conad.it/assets/common/volantini/cno/v2505p/2505P_CONAD_TOSCANA_PERS.pdf?_u=9222615a89a3a108c38dc85f6075bec0d1aefa64, https://www.conad.it/assets/common/volantini/cno/vheyco/HeyConad_SpesaOnlineBIO_A4.pdf?_u=f7c0ad3af49a4eb7e6567390e0b0cd8121bf7a62, https://www.conad.it/assets/common/volantini/cno/vmi-pr/MI_PREMIO_27-02_CN_TOSCANA.pdf?_u=56a0e6f5edee8e2ee4613b7cdbfd309667e2227a"
https://www.conad.it/ricerca-negozi/conad-city-via-carpani-271-57037-portoferraio--000800,"https://www.conad.it/assets/common/volantini/cno/v20252/20252506PCITYELBA.pdf?_u=879fdbd57dfa6ee42ca4cdfe7a76da34f8baa380, https://www.conad.it/assets/common/volantini/cno/v20252/20252505PCITYELBA.pdf?_u=186691e861817f4ab017da22be463dcc43686c16, https://www.conad.it/assets/common/volantini/cno/vmi-pr/MI_PREMIO_27-02_CY_TOSCANA.pdf?_u=572303465965a8f67eb781f06449e1b3d70a0ce1"
https://www.conad.it/ricerca-negozi/conad-city-via-g-lombardi-20-55047-seravezza--006251,"https://www.conad.it/assets/common/volantini/cno/v2506p/2506P_CITY_TOSCANA_PERS.pdf?_u=bf113a8ac30e0aef710db6539ad299370fa8e907, https://www.conad.it/assets/common/volantini/cno/vloc-s/LOC_SCSSCNCY_TO_13-03-25.pdf?_u=eb61ac6de769963f59a7da72e92752b617bf0b14, https://www.conad.it/assets/common/volantini/cno/v2505p/2505P_CITY_TOSCANA_PERS.pdf?_u=f45f1dda7157af7ca717014be9bdbcb1240fbee2, https://www.conad.it/assets/common/volantini/cno/vheyco/HeyConad_SpesaOnlineBIO_A4.pdf?_u=f7c0ad3af49a4eb7e6567390e0b0cd8121bf7a62, https://www.conad.it/assets/common/volantini/cno/vmi-pr/MI_PREMIO_27-02_CY_TOSCANA.pdf?_u=572303465965a8f67eb781f06449e1b3d70a0ce1"
https://www.conad.it/ricerca-negozi/conad-piazza-dalmazia-12-14-50141-firenze--008636,"https://www.conad.it/assets/common/volantini/cno/v2506p/2506P_CONAD_TOSCANA_PERS.pdf?_u=50779c474545c6ff28c14ec4986e1ca0d3d2ca28, https://www.conad.it/assets/common/volantini/cno/vloc-s/LOC_SCSSCNCY_TO_13-03-25.pdf?_u=eb61ac6de769963f59a7da72e92752b617bf0b14, https://www.conad.it/assets/common/volantini/cno/v2505p/2505P_CONAD_TOSCANA_PERS.pdf?_u=9222615a89a3a108c38dc85f6075bec0d1aefa64, https://www.conad.it/assets/common/volantini/cno/vheyco/HeyConad_SpesaOnlineBIO_A4.pdf?_u=f7c0ad3af49a4eb7e6567390e0b0cd8121bf7a62, https://www.conad.it/assets/common/volantini/cno/vmi-pr/MI_PREMIO_27-02_CN_TOSCANA.pdf?_u=56a0e6f5edee8e2ee4613b7cdbfd309667e2227a"
https://www.conad.it/ricerca-negozi/conad-city-via-rocca-tedalda-49-50136-firenze--003391,"https://www.conad.it/assets/common/volantini/cno/v2506p/2506P_CITY_TOSCANA_PERS.pdf?_u=bf113a8ac30e0aef710db6539ad299370fa8e907, https://www.conad.it/assets/common/volantini/cno/vloc-s/LOC_SCSSCNCY_TO_13-03-25.pdf?_u=eb61ac6de769963f59a7da72e92752b617bf0b14, https://www.conad.it/assets/common/volantini/cno/v2505p/2505P_CITY_TOSCANA_PERS.pdf?_u=f45f1dda7157af7ca717014be9bdbcb1240fbee2, https://www.conad.it/assets/common/volantini/cno/vheyco/HeyConad_SpesaOnlineBIO_A4.pdf?_u=f7c0ad3af49a4eb7e6567390e0b0cd8121bf7a62, https://www.conad.it/assets/common/volantini/cno/vmi-pr/MI_PREMIO_27-02_CY_TOSCANA.pdf?_u=572303465965a8f67eb781f06449e1b3d70a0ce1"
https://www.conad.it/ricerca-negozi/pet-store-conad-via-francesco-de-sanctis-snc-57037-portoferraio--050563,https://www.conad.it/assets/common/volantini/cno/vvolan/Volantino-Conad-Superstore-Ovest-Tirreno-Petstore-27-Febbraio-26-Marzo-2025.pdf?_u=5626d0c695fb169b4cdff985a97402b7dc2bad54
https://www.conad.it/ricerca-negozi/conad-city-via-sarzanese-331-55040-camaiore--010578,"https://www.conad.it/assets/common/volantini/cno/v2506p/2506P_CITY_TOSCANA_PERS.pdf?_u=bf113a8ac30e0aef710db6539ad299370fa8e907, https://www.conad.it/assets/common/volantini/cno/vloc-s/LOC_SCSSCNCY_TO_13-03-25.pdf?_u=eb61ac6de769963f59a7da72e92752b617bf0b14, https://www.conad.it/assets/common/volantini/cno/v2505p/2505P_CITY_TOSCANA_PERS.pdf?_u=f45f1dda7157af7ca717014be9bdbcb1240fbee2, https://www.conad.it/assets/common/volantini/cno/vmi-pr/MI_PREMIO_27-02_CY_TOSCANA.pdf?_u=572303465965a8f67eb781f06449e1b3d70a0ce1"
https://www.conad.it/ricerca-negozi/conad-city-via-dellolivuzzo-101-r-50143-firenze--006325,"https://www.conad.it/assets/common/volantini/cno/v2506p/2506P_CITY_TOSCANA_PERS.pdf?_u=bf113a8ac30e0aef710db6539ad299370fa8e907, https://www.conad.it/assets/common/volantini/cno/vloc-s/LOC_SCSSCNCY_TO_13-03-25.pdf?_u=eb61ac6de769963f59a7da72e92752b617bf0b14, https://www.conad.it/assets/common/volantini/cno/v2505p/2505P_CITY_TOSCANA_PERS.pdf?_u=f45f1dda7157af7ca717014be9bdbcb1240fbee2, https://www.conad.it/assets/common/volantini/cno/vmi-pr/MI_PREMIO_27-02_CY_TOSCANA.pdf?_u=572303465965a8f67eb781f06449e1b3d70a0ce1"
https://www.conad.it/ricerca-negozi/conad-city-via-kyoto-24-30-50126-firenze--003395,"https://www.conad.it/assets/common/volantini/cno/v2506p/2506P_CITY_TOSCANA_PERS.pdf?_u=bf113a8ac30e0aef710db6539ad299370fa8e907, https://www.conad.it/assets/common/volantini/cno/vloc-s/LOC_SCSSCNCY_TO_13-03-25.pdf?_u=eb61ac6de769963f59a7da72e92752b617bf0b14, https://www.conad.it/assets/common/volantini/cno/v-heyc/_HeyConad_Sconto_Prima_Spesa_A4.pdf?_u=27a4f8ca73ab016bbe1157422c94e1b907b06a0b, https://www.conad.it/assets/common/volantini/cno/v2505p/2505P_CITY_TOSCANA_PERS.pdf?_u=f45f1dda7157af7ca717014be9bdbcb1240fbee2, https://www.conad.it/assets/common/volantini/cno/vheyco/HeyConad_SpesaOnlineBIO_A4.pdf?_u=f7c0ad3af49a4eb7e6567390e0b0cd8121bf7a62, https://www.conad.it/assets/common/volantini/cno/vmi-pr/MI_PREMIO_27-02_CY_TOSCANA.pdf?_u=572303465965a8f67eb781f06449e1b3d70a0ce1"
https://www.conad.it/ricerca-negozi/conad-city-piazza-pietri-3-57037-portoferraio--003204,"https://www.conad.it/assets/common/volantini/cno/v20252/20252506PCITYELBA.pdf?_u=879fdbd57dfa6ee42ca4cdfe7a76da34f8baa380, https://www.conad.it/assets/common/volantini/cno/vloc-s/LOC_SCSSCNCY_TO_13-03-25.pdf?_u=eb61ac6de769963f59a7da72e92752b617bf0b14, https://www.conad.it/assets/common/volantini/cno/v20252/20252505PCITYELBA.pdf?_u=186691e861817f4ab017da22be463dcc43686c16, https://www.conad.it/assets/common/volantini/cno/vmi-pr/MI_PREMIO_27-02_CY_TOSCANA.pdf?_u=572303465965a8f67eb781f06449e1b3d70a0ce1"
https://www.conad.it/ricerca-negozi/conad-via-giosue-carducci-ang-via-rinchiostra-snc-54100-massa--005722,"https://www.conad.it/assets/common/volantini/cno/v20252/20252506PCONADTOSCANA.pdf?_u=1d64585c46905335ab98147710318cc1399be773, https://www.conad.it/assets/common/volantini/cno/vloc-s/LOC_SCSSCNCY_SP_13-03-25.pdf?_u=d723fa8aae58d1aec4b875899300c38d9a28c29f, https://www.conad.it/assets/common/volantini/cno/v20252/20252505PCONADTOSCANA.pdf?_u=28aaf91f5bd4de857101640e6eab118a88ffa84c, https://www.conad.it/assets/common/volantini/cno/vheyco/HeyConad_SpesaOnlineBIO_A4.pdf?_u=f7c0ad3af49a4eb7e6567390e0b0cd8121bf7a62, https://www.conad.it/assets/common/volantini/cno/vmi-pr/MI_PREMIO_27-02_CN_TOSCANA.pdf?_u=56a0e6f5edee8e2ee4613b7cdbfd309667e2227a"
https://www.conad.it/ricerca-negozi/conad-city-via-luigi-michelazzi-4-50141-firenze--003393,"https://www.conad.it/assets/common/volantini/cno/v2506p/2506P_CITY_TOSCANA_PERS.pdf?_u=bf113a8ac30e0aef710db6539ad299370fa8e907, https://www.conad.it/assets/common/volantini/cno/vloc-s/LOC_SCSSCNCY_TO_13-03-25.pdf?_u=eb61ac6de769963f59a7da72e92752b617bf0b14, https://www.conad.it/assets/common/volantini/cno/v2505p/2505P_CITY_TOSCANA_PERS.pdf?_u=f45f1dda7157af7ca717014be9bdbcb1240fbee2, https://www.conad.it/assets/common/volantini/cno/vmi-pr/MI_PREMIO_27-02_CY_TOSCANA.pdf?_u=572303465965a8f67eb781f06449e1b3d70a0ce1"
https://www.conad.it/ricerca-negozi/conad-city-via-ferdinando-martini-14-50135-firenze--006324,"https://www.conad.it/assets/common/volantini/cno/v2506p/2506P_CITY_TOSCANA_PERS.pdf?_u=bf113a8ac30e0aef710db6539ad299370fa8e907, https://www.conad.it/assets/common/volantini/cno/vloc-s/LOC_SCSSCNCY_TO_13-03-25.pdf?_u=eb61ac6de769963f59a7da72e92752b617bf0b14, https://www.conad.it/assets/common/volantini/cno/v2505p/2505P_CITY_TOSCANA_PERS.pdf?_u=f45f1dda7157af7ca717014be9bdbcb1240fbee2, https://www.conad.it/assets/common/volantini/cno/vheyco/HeyConad_SpesaOnlineBIO_A4.pdf?_u=f7c0ad3af49a4eb7e6567390e0b0cd8121bf7a62, https://www.conad.it/assets/common/volantini/cno/vmi-pr/MI_PREMIO_27-02_CY_TOSCANA.pdf?_u=572303465965a8f67eb781f06449e1b3d70a0ce1"
https://www.conad.it/ricerca-negozi/conad-via-risorgimento-76-58031-arcidosso--003690,"https://www.conad.it/assets/common/volantini/cno/v20252/20252506PCONADTOSCANA.pdf?_u=1d64585c46905335ab98147710318cc1399be773, https://www.conad.it/assets/common/volantini/cno/vloc-s/LOC_SCSSCNCY_TO_13-03-25.pdf?_u=eb61ac6de769963f59a7da72e92752b617bf0b14, https://www.conad.it/assets/common/volantini/cno/v20252/20252505PCONADTOSCANA.pdf?_u=28aaf91f5bd4de857101640e6eab118a88ffa84c, https://www.conad.it/assets/common/volantini/cno/vmi-pr/MI_PREMIO_27-02_CN_TOSCANA.pdf?_u=56a0e6f5edee8e2ee4613b7cdbfd309667e2227a"
https://www.conad.it/ricerca-negozi/conad-city-via-giacomo-giacosa-24-55040-camaiore--006319,"https://www.conad.it/assets/common/volantini/cno/v2506p/2506P_CITY_TOSCANA_PERS.pdf?_u=bf113a8ac30e0aef710db6539ad299370fa8e907, https://www.conad.it/assets/common/volantini/cno/vloc-s/LOC_SCSSCNCY_TO_13-03-25.pdf?_u=eb61ac6de769963f59a7da72e92752b617bf0b14, https://www.conad.it/assets/common/volantini/cno/v2505p/2505P_CITY_TOSCANA_PERS.pdf?_u=f45f1dda7157af7ca717014be9bdbcb1240fbee2, https://www.conad.it/assets/common/volantini/cno/vmi-pr/MI_PREMIO_27-02_CY_TOSCANA.pdf?_u=572303465965a8f67eb781f06449e1b3d70a0ce1"
https://www.conad.it/ricerca-negozi/conad-city-via-sbartolo-in-tuto-35-50018-scandicci--000843,"https://www.conad.it/assets/common/volantini/cno/v2506p/2506P_CITY_TOSCANA_PERS.pdf?_u=bf113a8ac30e0aef710db6539ad299370fa8e907, https://www.conad.it/assets/common/volantini/cno/vloc-s/LOC_SCSSCNCY_TO_13-03-25.pdf?_u=eb61ac6de769963f59a7da72e92752b617bf0b14, https://www.conad.it/assets/common/volantini/cno/v2505p/2505P_CITY_TOSCANA_PERS.pdf?_u=f45f1dda7157af7ca717014be9bdbcb1240fbee2, https://www.conad.it/assets/common/volantini/cno/vheyco/HeyConad_SpesaOnlineBIO_A4.pdf?_u=f7c0ad3af49a4eb7e6567390e0b0cd8121bf7a62, https://www.conad.it/assets/common/volantini/cno/vmi-pr/MI_PREMIO_27-02_CY_TOSCANA.pdf?_u=572303465965a8f67eb781f06449e1b3d70a0ce1"
https://www.conad.it/ricerca-negozi/conad-city-via-scipione-ammirato-94-50136-firenze--003802,"https://www.conad.it/assets/common/volantini/cno/v2506p/2506P_CITY_TOSCANA_PERS.pdf?_u=bf113a8ac30e0aef710db6539ad299370fa8e907, https://www.conad.it/assets/common/volantini/cno/vloc-s/LOC_SCSSCNCY_TO_13-03-25.pdf?_u=eb61ac6de769963f59a7da72e92752b617bf0b14, https://www.conad.it/assets/common/volantini/cno/v2505p/2505P_CITY_TOSCANA_PERS.pdf?_u=f45f1dda7157af7ca717014be9bdbcb1240fbee2, https://www.conad.it/assets/common/volantini/cno/vheyco/HeyConad_SpesaOnlineBIO_A4.pdf?_u=f7c0ad3af49a4eb7e6567390e0b0cd8121bf7a62, https://www.conad.it/assets/common/volantini/cno/vmi-pr/MI_PREMIO_27-02_CY_TOSCANA.pdf?_u=572303465965a8f67eb781f06449e1b3d70a0ce1"
https://www.conad.it/ricerca-negozi/conad-city-largo-ragazzi-del-99-n-3-3-41028-serramazzoni--008303,"https://www.conad.it/assets/common/volantini/cno/v20252/20252506PCITYEMILIA.pdf?_u=f0fe588bb83a68c9b410c869be812a2609d884a7, https://www.conad.it/assets/common/volantini/cno/vloc-s/LOC_SCSSCNCY_EM_13-03-25.pdf?_u=b5267715cfc328c8f7f3b06b8afde495f3ec8b8a, https://www.conad.it/assets/common/volantini/cno/v20252/20252505PCITYEMILIA.pdf?_u=2fc965f28f5d98ae26e5ff5d3aa8f6623ad919ed, https://www.conad.it/assets/common/volantini/cno/v70x10/70x100_SC_SS_CN_CY_EM_01-03-25_USBEF.pdf?_u=c9e2b94bf49d1a36aa470b376832c178c3c7edde, https://www.conad.it/assets/common/volantini/cno/vmi-pr/MI_PREMIO_27-02_CY_EMILIA.pdf?_u=111f2c7e8b17fb2a0e7d904ea958ec4b695928a5"
https://www.conad.it/ricerca-negozi/conad-city-viale-democrazia-3-54100-massa--003700,"https://www.conad.it/assets/common/volantini/cno/v20252/20252506PCITYTOSCANA.pdf?_u=686d96d007ec20318dd92f6eea5afea2ec9b07ab, https://www.conad.it/assets/common/volantini/cno/vloc-s/LOC_SCSSCNCY_SP_13-03-25.pdf?_u=d723fa8aae58d1aec4b875899300c38d9a28c29f, https://www.conad.it/assets/common/volantini/cno/v20252/20252505PCITYTOSCANA.pdf?_u=0a3a834ce58c3380c2d9dd649b7f39cb066719c4"
https://www.conad.it/ricerca-negozi/conad-superstore-via-pistoiese-ang-via-del-pesciolino-snc-50145-firenze--006507,"https://www.conad.it/assets/common/volantini/cno/v2506p/2506P_SUPERSTORE_TOSCANA_PERS.pdf?_u=07aa3b5b989f1784ad96e9ae150868d441cd0198, https://www.conad.it/assets/common/volantini/cno/vloc-s/LOC_SCSSCNCY_TO_13-03-25.pdf?_u=eb61ac6de769963f59a7da72e92752b617bf0b14, https://www.conad.it/assets/common/volantini/cno/v2505p/2505P_SUPERSTORE_TOSCANA_PERS.pdf?_u=a927b30a40609c2bb28f0191ba0306a1243b284c, https://www.conad.it/assets/common/volantini/cno/vheyco/HeyConad_SpesaOnlineBIO_A4.pdf?_u=f7c0ad3af49a4eb7e6567390e0b0cd8121bf7a62, https://www.conad.it/assets/common/volantini/cno/vmi-pr/MI_PREMIO_27-02_SC-SS_TOSCANA.pdf?_u=82174e59d68eb5115f33f782e91a2293c96b0f95"
https://www.conad.it/ricerca-negozi/conad-city-viale-dei-mille-9-c-50131-firenze--005377,"https://www.conad.it/assets/common/volantini/cno/v2506p/2506P_CITY_TOSCANA_PERS.pdf?_u=bf113a8ac30e0aef710db6539ad299370fa8e907, https://www.conad.it/assets/common/volantini/cno/vloc-s/LOC_SCSSCNCY_TO_13-03-25.pdf?_u=eb61ac6de769963f59a7da72e92752b617bf0b14, https://www.conad.it/assets/common/volantini/cno/v2505p/2505P_CITY_TOSCANA_PERS.pdf?_u=f45f1dda7157af7ca717014be9bdbcb1240fbee2, https://www.conad.it/assets/common/volantini/cno/vmi-pr/MI_PREMIO_27-02_CY_TOSCANA.pdf?_u=572303465965a8f67eb781f06449e1b3d70a0ce1"
https://www.conad.it/ricerca-negozi/conad-via-delle-province-2-53100-siena--010524,"https://www.conad.it/assets/common/volantini/cno/v2506p/2506P_CONAD_TOSCANA_PERS.pdf?_u=50779c474545c6ff28c14ec4986e1ca0d3d2ca28, https://www.conad.it/assets/common/volantini/cno/vloc-s/LOC_SCSSCNCY_TO_13-03-25.pdf?_u=eb61ac6de769963f59a7da72e92752b617bf0b14, https://www.conad.it/assets/common/volantini/cno/v-heyc/_HeyConad_Sconto_Prima_Spesa_A4.pdf?_u=27a4f8ca73ab016bbe1157422c94e1b907b06a0b, https://www.conad.it/assets/common/volantini/cno/v2505p/2505P_CONAD_TOSCANA_PERS.pdf?_u=9222615a89a3a108c38dc85f6075bec0d1aefa64, https://www.conad.it/assets/common/volantini/cno/vheyco/HeyConad_SpesaOnlineBIO_A4.pdf?_u=f7c0ad3af49a4eb7e6567390e0b0cd8121bf7a62, https://www.conad.it/assets/common/volantini/cno/vmi-pr/MI_PREMIO_27-02_CN_TOSCANA.pdf?_u=56a0e6f5edee8e2ee4613b7cdbfd309667e2227a"
https://www.conad.it/ricerca-negozi/conad-via-simon-musico-8-54100-massa--000814,"https://www.conad.it/assets/common/volantini/cno/v20252/20252506PCONADTOSCANA.pdf?_u=1d64585c46905335ab98147710318cc1399be773, https://www.conad.it/assets/common/volantini/cno/vloc-s/LOC_SCSSCNCY_SP_13-03-25.pdf?_u=d723fa8aae58d1aec4b875899300c38d9a28c29f, https://www.conad.it/assets/common/volantini/cno/v20252/20252505PCONADTOSCANA.pdf?_u=28aaf91f5bd4de857101640e6eab118a88ffa84c, https://www.conad.it/assets/common/volantini/cno/vmi-pr/MI_PREMIO_27-02_CN_TOSCANA.pdf?_u=56a0e6f5edee8e2ee4613b7cdbfd309667e2227a"
https://www.conad.it/ricerca-negozi/conad-city-via-provinciale-134-55042-forte-dei-marmi--006322,"https://www.conad.it/assets/common/volantini/cno/v2506p/2506P_CITY_TOSCANA_PERS.pdf?_u=bf113a8ac30e0aef710db6539ad299370fa8e907, https://www.conad.it/assets/common/volantini/cno/vloc-s/LOC_SCSSCNCY_TO_13-03-25.pdf?_u=eb61ac6de769963f59a7da72e92752b617bf0b14, https://www.conad.it/assets/common/volantini/cno/v2505p/2505P_CITY_TOSCANA_PERS.pdf?_u=f45f1dda7157af7ca717014be9bdbcb1240fbee2, https://www.conad.it/assets/common/volantini/cno/vheyco/HeyConad_SpesaOnlineBIO_A4.pdf?_u=f7c0ad3af49a4eb7e6567390e0b0cd8121bf7a62, https://www.conad.it/assets/common/volantini/cno/vmi-pr/MI_PREMIO_27-02_CY_TOSCANA.pdf?_u=572303465965a8f67eb781f06449e1b3d70a0ce1"
https://www.conad.it/ricerca-negozi/conad-city-via-pietrapiana-42-50121-firenze--008635,"https://www.conad.it/assets/common/volantini/cno/v2506p/2506P_CITY_TOSCANA_PERS.pdf?_u=bf113a8ac30e0aef710db6539ad299370fa8e907, https://www.conad.it/assets/common/volantini/cno/vloc-s/LOC_SCSSCNCY_TO_13-03-25.pdf?_u=eb61ac6de769963f59a7da72e92752b617bf0b14, https://www.conad.it/assets/common/volantini/cno/v2505p/2505P_CITY_TOSCANA_PERS.pdf?_u=f45f1dda7157af7ca717014be9bdbcb1240fbee2, https://www.conad.it/assets/common/volantini/cno/vheyco/HeyConad_SpesaOnlineBIO_A4.pdf?_u=f7c0ad3af49a4eb7e6567390e0b0cd8121bf7a62, https://www.conad.it/assets/common/volantini/cno/vmi-pr/MI_PREMIO_27-02_CY_TOSCANA.pdf?_u=572303465965a8f67eb781f06449e1b3d70a0ce1"
https://www.conad.it/ricerca-negozi/conad-via-masson-ang-via-livini-snc-53034-colle-di-val-delsa--009896,"https://www.conad.it/assets/common/volantini/cno/v2506p/2506P_CONAD_TOSCANA_PERS.pdf?_u=50779c474545c6ff28c14ec4986e1ca0d3d2ca28, https://www.conad.it/assets/common/volantini/cno/vloc-s/LOC_SCSSCNCY_TO_13-03-25.pdf?_u=eb61ac6de769963f59a7da72e92752b617bf0b14, https://www.conad.it/assets/common/volantini/cno/v2505p/2505P_CONAD_TOSCANA_PERS.pdf?_u=9222615a89a3a108c38dc85f6075bec0d1aefa64, https://www.conad.it/assets/common/volantini/cno/vheyco/HeyConad_SpesaOnlineBIO_A4.pdf?_u=f7c0ad3af49a4eb7e6567390e0b0cd8121bf7a62, https://www.conad.it/assets/common/volantini/cno/vmi-pr/MI_PREMIO_27-02_CN_TOSCANA.pdf?_u=56a0e6f5edee8e2ee4613b7cdbfd309667e2227a"
https://www.conad.it/ricerca-negozi/conad-city-via-formentini-51-54100-massa--003804,"https://www.conad.it/assets/common/volantini/cno/v20252/20252506PCITYTOSCANA.pdf?_u=686d96d007ec20318dd92f6eea5afea2ec9b07ab, https://www.conad.it/assets/common/volantini/cno/vloc-s/LOC_SCSSCNCY_SP_13-03-25.pdf?_u=d723fa8aae58d1aec4b875899300c38d9a28c29f, https://www.conad.it/assets/common/volantini/cno/v20252/20252505PCITYTOSCANA.pdf?_u=0a3a834ce58c3380c2d9dd649b7f39cb066719c4, https://www.conad.it/assets/common/volantini/cno/vmi-pr/MI_PREMIO_27-02_CY_TOSCANA.pdf?_u=572303465965a8f67eb781f06449e1b3d70a0ce1"
https://www.conad.it/ricerca-negozi/conad-city-via-antonio-fratti-670-55049-viareggio--000834,"https://www.conad.it/assets/common/volantini/cno/v2506p/2506P_CITY_TOSCANA_PERS.pdf?_u=bf113a8ac30e0aef710db6539ad299370fa8e907, https://www.conad.it/assets/common/volantini/cno/vloc-s/LOC_SCSSCNCY_TO_13-03-25.pdf?_u=eb61ac6de769963f59a7da72e92752b617bf0b14, https://www.conad.it/assets/common/volantini/cno/v2505p/2505P_CITY_TOSCANA_PERS.pdf?_u=f45f1dda7157af7ca717014be9bdbcb1240fbee2, https://www.conad.it/assets/common/volantini/cno/vheyco/HeyConad_SpesaOnlineBIO_A4.pdf?_u=f7c0ad3af49a4eb7e6567390e0b0cd8121bf7a62, https://www.conad.it/assets/common/volantini/cno/vmi-pr/MI_PREMIO_27-02_CY_TOSCANA.pdf?_u=572303465965a8f67eb781f06449e1b3d70a0ce1"
https://www.conad.it/ricerca-negozi/conad-city-via-fabio-filzi-117-55049-viareggio--003693,"https://www.conad.it/assets/common/volantini/cno/v2506p/2506P_CITY_TOSCANA_PERS.pdf?_u=bf113a8ac30e0aef710db6539ad299370fa8e907, https://www.conad.it/assets/common/volantini/cno/vloc-s/LOC_SCSSCNCY_TO_13-03-25.pdf?_u=eb61ac6de769963f59a7da72e92752b617bf0b14, https://www.conad.it/assets/common/volantini/cno/v2505p/2505P_CITY_TOSCANA_PERS.pdf?_u=f45f1dda7157af7ca717014be9bdbcb1240fbee2, https://www.conad.it/assets/common/volantini/cno/vheyco/HeyConad_SpesaOnlineBIO_A4.pdf?_u=f7c0ad3af49a4eb7e6567390e0b0cd8121bf7a62, https://www.conad.it/assets/common/volantini/cno/vmi-pr/MI_PREMIO_27-02_CY_TOSCANA.pdf?_u=572303465965a8f67eb781f06449e1b3d70a0ce1"
https://www.conad.it/ricerca-negozi/pet-store-conad-via-masson-snc-53034-colle-di-val-delsa--050726,https://www.conad.it/assets/common/volantini/cno/vvolan/Volantino-Conad-Superstore-Ovest-Tirreno-Petstore-27-Febbraio-26-Marzo-2025.pdf?_u=5626d0c695fb169b4cdff985a97402b7dc2bad54
https://www.conad.it/ricerca-negozi/conad-via-guido-rossa-snc-54011-aulla--009957,"https://www.conad.it/assets/common/volantini/cno/v20252/20252506PCONADTOSCANA.pdf?_u=1d64585c46905335ab98147710318cc1399be773, https://www.conad.it/assets/common/volantini/cno/vloc-s/LOC_SCSSCNCY_SP_13-03-25.pdf?_u=d723fa8aae58d1aec4b875899300c38d9a28c29f, https://www.conad.it/assets/common/volantini/cno/v20252/20252505PCONADTOSCANA.pdf?_u=28aaf91f5bd4de857101640e6eab118a88ffa84c, https://www.conad.it/assets/common/volantini/cno/vheyco/HeyConad_SpesaOnlineBIO_A4.pdf?_u=f7c0ad3af49a4eb7e6567390e0b0cd8121bf7a62, https://www.conad.it/assets/common/volantini/cno/vmi-pr/MI_PREMIO_27-02_CN_TOSCANA.pdf?_u=56a0e6f5edee8e2ee4613b7cdbfd309667e2227a"
https://www.conad.it/ricerca-negozi/conad-city-viale-guglielmo-oberdan-31-a-55041-camaiore--006312,"https://www.conad.it/assets/common/volantini/cno/v2506p/2506P_CITY_TOSCANA_PERS.pdf?_u=bf113a8ac30e0aef710db6539ad299370fa8e907, https://www.conad.it/assets/common/volantini/cno/vloc-s/LOC_SCSSCNCY_TO_13-03-25.pdf?_u=eb61ac6de769963f59a7da72e92752b617bf0b14, https://www.conad.it/assets/common/volantini/cno/v2505p/2505P_CITY_TOSCANA_PERS.pdf?_u=f45f1dda7157af7ca717014be9bdbcb1240fbee2, https://www.conad.it/assets/common/volantini/cno/vmi-pr/MI_PREMIO_27-02_CY_TOSCANA.pdf?_u=572303465965a8f67eb781f06449e1b3d70a0ce1"
https://www.conad.it/ricerca-negozi/conad-city-piazza-sacco-e-vanzetti-snc-54033-carrara--003687,"https://www.conad.it/assets/common/volantini/cno/v20252/20252506PCITYTOSCANA.pdf?_u=686d96d007ec20318dd92f6eea5afea2ec9b07ab, https://www.conad.it/assets/common/volantini/cno/vloc-s/LOC_SCSSCNCY_SP_13-03-25.pdf?_u=d723fa8aae58d1aec4b875899300c38d9a28c29f, https://www.conad.it/assets/common/volantini/cno/v20252/20252505PCITYTOSCANA.pdf?_u=0a3a834ce58c3380c2d9dd649b7f39cb066719c4, https://www.conad.it/assets/common/volantini/cno/vmi-pr/MI_PREMIO_27-02_CY_TOSCANA.pdf?_u=572303465965a8f67eb781f06449e1b3d70a0ce1"
https://www.conad.it/ricerca-negozi/conad-city-via-canipaia-snc-55051-barga--010118,"https://www.conad.it/assets/common/volantini/cno/v2506p/2506P_CITY_TOSCANA_PERS.pdf?_u=bf113a8ac30e0aef710db6539ad299370fa8e907, https://www.conad.it/assets/common/volantini/cno/vloc-s/LOC_SCSSCNCY_TO_13-03-25.pdf?_u=eb61ac6de769963f59a7da72e92752b617bf0b14, https://www.conad.it/assets/common/volantini/cno/v2505p/2505P_CITY_TOSCANA_PERS.pdf?_u=f45f1dda7157af7ca717014be9bdbcb1240fbee2, https://www.conad.it/assets/common/volantini/cno/vheyco/HeyConad_SpesaOnlineBIO_A4.pdf?_u=f7c0ad3af49a4eb7e6567390e0b0cd8121bf7a62, https://www.conad.it/assets/common/volantini/cno/vmi-pr/MI_PREMIO_27-02_CY_TOSCANA.pdf?_u=572303465965a8f67eb781f06449e1b3d70a0ce1"
https://www.conad.it/ricerca-negozi/conad-city-via-guido-monaco-82-90-52100-arezzo--009175,"https://www.conad.it/assets/common/volantini/cno/v2506p/2506P_CITY_TOSCANA_PERS.pdf?_u=bf113a8ac30e0aef710db6539ad299370fa8e907, https://www.conad.it/assets/common/volantini/cno/vloc-s/LOC_SCSSCNCY_TO_13-03-25.pdf?_u=eb61ac6de769963f59a7da72e92752b617bf0b14, https://www.conad.it/assets/common/volantini/cno/v2505p/2505P_CITY_TOSCANA_PERS.pdf?_u=f45f1dda7157af7ca717014be9bdbcb1240fbee2, https://www.conad.it/assets/common/volantini/cno/vheyco/HeyConad_SpesaOnlineBIO_A4.pdf?_u=f7c0ad3af49a4eb7e6567390e0b0cd8121bf7a62, https://www.conad.it/assets/common/volantini/cno/vmi-pr/MI_PREMIO_27-02_CY_TOSCANA.pdf?_u=572303465965a8f67eb781f06449e1b3d70a0ce1"
https://www.conad.it/ricerca-negozi/conad-city-viale-carducci-23-b-55049-viareggio--009173,"https://www.conad.it/assets/common/volantini/cno/v2506p/2506P_CITY_TOSCANA_PERS.pdf?_u=bf113a8ac30e0aef710db6539ad299370fa8e907, https://www.conad.it/assets/common/volantini/cno/vloc-s/LOC_SCSSCNCY_TO_13-03-25.pdf?_u=eb61ac6de769963f59a7da72e92752b617bf0b14, https://www.conad.it/assets/common/volantini/cno/v2505p/2505P_CITY_TOSCANA_PERS.pdf?_u=f45f1dda7157af7ca717014be9bdbcb1240fbee2, https://www.conad.it/assets/common/volantini/cno/vmi-pr/MI_PREMIO_27-02_CY_TOSCANA.pdf?_u=572303465965a8f67eb781f06449e1b3d70a0ce1"
https://www.conad.it/ricerca-negozi/conad-via-carriona-ang-via-cavour-15-54033-carrara--004840,"https://www.conad.it/assets/common/volantini/cno/v20252/20252506PCONADTOSCANA.pdf?_u=1d64585c46905335ab98147710318cc1399be773, https://www.conad.it/assets/common/volantini/cno/vloc-s/LOC_SCSSCNCY_SP_13-03-25.pdf?_u=d723fa8aae58d1aec4b875899300c38d9a28c29f, https://www.conad.it/assets/common/volantini/cno/v20252/20252505PCONADTOSCANA.pdf?_u=28aaf91f5bd4de857101640e6eab118a88ffa84c, https://www.conad.it/assets/common/volantini/cno/vheyco/HeyConad_SpesaOnlineBIO_A4.pdf?_u=f7c0ad3af49a4eb7e6567390e0b0cd8121bf7a62, https://www.conad.it/assets/common/volantini/cno/vmi-pr/MI_PREMIO_27-02_CN_TOSCANA.pdf?_u=56a0e6f5edee8e2ee4613b7cdbfd309667e2227a"
https://www.conad.it/ricerca-negozi/conad-via-risorgimento-12-55052-barga--000818,"https://www.conad.it/assets/common/volantini/cno/v2506p/2506P_CONAD_TOSCANA_PERS.pdf?_u=50779c474545c6ff28c14ec4986e1ca0d3d2ca28, https://www.conad.it/assets/common/volantini/cno/vloc-s/LOC_SCSSCNCY_TO_13-03-25.pdf?_u=eb61ac6de769963f59a7da72e92752b617bf0b14, https://www.conad.it/assets/common/volantini/cno/v2505p/2505P_CONAD_TOSCANA_PERS.pdf?_u=9222615a89a3a108c38dc85f6075bec0d1aefa64, https://www.conad.it/assets/common/volantini/cno/vheyco/HeyConad_SpesaOnlineBIO_A4.pdf?_u=f7c0ad3af49a4eb7e6567390e0b0cd8121bf7a62, https://www.conad.it/assets/common/volantini/cno/vmi-pr/MI_PREMIO_27-02_CN_TOSCANA.pdf?_u=56a0e6f5edee8e2ee4613b7cdbfd309667e2227a"
https://www.conad.it/ricerca-negozi/conad-city-piazza-giotto-25-29-52100-arezzo--008976,"https://www.conad.it/assets/common/volantini/cno/v2506p/2506P_CITY_TOSCANA_PERS.pdf?_u=bf113a8ac30e0aef710db6539ad299370fa8e907, https://www.conad.it/assets/common/volantini/cno/vloc-s/LOC_SCSSCNCY_TO_13-03-25.pdf?_u=eb61ac6de769963f59a7da72e92752b617bf0b14, https://www.conad.it/assets/common/volantini/cno/v2505p/2505P_CITY_TOSCANA_PERS.pdf?_u=f45f1dda7157af7ca717014be9bdbcb1240fbee2, https://www.conad.it/assets/common/volantini/cno/vmi-pr/MI_PREMIO_27-02_CY_TOSCANA.pdf?_u=572303465965a8f67eb781f06449e1b3d70a0ce1"
https://www.conad.it/ricerca-negozi/conad-via-valmaira-5-55032-castelnuovo-di-garfagnana--003390,"https://www.conad.it/assets/common/volantini/cno/v2506p/2506P_CONAD_TOSCANA_PERS.pdf?_u=50779c474545c6ff28c14ec4986e1ca0d3d2ca28, https://www.conad.it/assets/common/volantini/cno/vloc-s/LOC_SCSSCNCY_TO_13-03-25.pdf?_u=eb61ac6de769963f59a7da72e92752b617bf0b14, https://www.conad.it/assets/common/volantini/cno/v2505p/2505P_CONAD_TOSCANA_PERS.pdf?_u=9222615a89a3a108c38dc85f6075bec0d1aefa64, https://www.conad.it/assets/common/volantini/cno/vheyco/HeyConad_SpesaOnlineBIO_A4.pdf?_u=f7c0ad3af49a4eb7e6567390e0b0cd8121bf7a62, https://www.conad.it/assets/common/volantini/cno/vmi-pr/MI_PREMIO_27-02_CN_TOSCANA.pdf?_u=56a0e6f5edee8e2ee4613b7cdbfd309667e2227a"
https://www.conad.it/ricerca-negozi/conad-via-ciabattini-ottorino-55-55049-viareggio--003692,"https://www.conad.it/assets/common/volantini/cno/v2506p/2506P_CONAD_TOSCANA_PERS.pdf?_u=50779c474545c6ff28c14ec4986e1ca0d3d2ca28, https://www.conad.it/assets/common/volantini/cno/vloc-s/LOC_SCSSCNCY_TO_13-03-25.pdf?_u=eb61ac6de769963f59a7da72e92752b617bf0b14, https://www.conad.it/assets/common/volantini/cno/v2505p/2505P_CONAD_TOSCANA_PERS.pdf?_u=9222615a89a3a108c38dc85f6075bec0d1aefa64, https://www.conad.it/assets/common/volantini/cno/vheyco/HeyConad_SpesaOnlineBIO_A4.pdf?_u=f7c0ad3af49a4eb7e6567390e0b0cd8121bf7a62, https://www.conad.it/assets/common/volantini/cno/vmi-pr/MI_PREMIO_27-02_CN_TOSCANA.pdf?_u=56a0e6f5edee8e2ee4613b7cdbfd309667e2227a"
https://www.conad.it/ricerca-negozi/conad-city-via-spartaco-lavagnini-122a-52027-san-giovanni-valdarno--009003,"https://www.conad.it/assets/common/volantini/cno/v2506p/2506P_CITY_TOSCANA_PERS.pdf?_u=bf113a8ac30e0aef710db6539ad299370fa8e907, https://www.conad.it/assets/common/volantini/cno/vloc-s/LOC_SCSSCNCY_TO_13-03-25.pdf?_u=eb61ac6de769963f59a7da72e92752b617bf0b14, https://www.conad.it/assets/common/volantini/cno/v2505p/2505P_CITY_TOSCANA_PERS.pdf?_u=f45f1dda7157af7ca717014be9bdbcb1240fbee2, https://www.conad.it/assets/common/volantini/cno/vheyco/HeyConad_SpesaOnlineBIO_A4.pdf?_u=f7c0ad3af49a4eb7e6567390e0b0cd8121bf7a62, https://www.conad.it/assets/common/volantini/cno/vmi-pr/MI_PREMIO_27-02_CY_TOSCANA.pdf?_u=572303465965a8f67eb781f06449e1b3d70a0ce1"
https://www.conad.it/ricerca-negozi/conad-viale-mecenate-snc-52100-arezzo--010059,"https://www.conad.it/assets/common/volantini/cno/v2506p/2506P_CONAD_TOSCANA_PERS.pdf?_u=50779c474545c6ff28c14ec4986e1ca0d3d2ca28, https://www.conad.it/assets/common/volantini/cno/vloc-s/LOC_SCSSCNCY_TO_13-03-25.pdf?_u=eb61ac6de769963f59a7da72e92752b617bf0b14, https://www.conad.it/assets/common/volantini/cno/v2505p/2505P_CONAD_TOSCANA_PERS.pdf?_u=9222615a89a3a108c38dc85f6075bec0d1aefa64, https://www.conad.it/assets/common/volantini/cno/vheyco/HeyConad_SpesaOnlineBIO_A4.pdf?_u=f7c0ad3af49a4eb7e6567390e0b0cd8121bf7a62, https://www.conad.it/assets/common/volantini/cno/vmi-pr/MI_PREMIO_27-02_CN_TOSCANA.pdf?_u=56a0e6f5edee8e2ee4613b7cdbfd309667e2227a"
https://www.conad.it/ricerca-negozi/pet-store-conad-via-della-fabbrica-2-55032-castelnuovo-garfagnana--050865,https://www.conad.it/assets/common/volantini/cno/vvolan/Volantino-Conad-Superstore-Ovest-Tirreno-Petstore-27-Febbraio-26-Marzo-2025.pdf?_u=5626d0c695fb169b4cdff985a97402b7dc2bad54
https://www.conad.it/ricerca-negozi/pet-store-conad-via-monsignor-enrico-bartoletti-snc-55049-viareggio--050702,https://www.conad.it/assets/common/volantini/cno/vvolan/Volantino-Conad-Superstore-Ovest-Tirreno-Petstore-27-Febbraio-26-Marzo-2025.pdf?_u=5626d0c695fb169b4cdff985a97402b7dc2bad54
https://www.conad.it/ricerca-negozi/conad-city-via-g-pascoli-42-52025-montevarchi--009002,"https://www.conad.it/assets/common/volantini/cno/v2506p/2506P_CITY_TOSCANA_PERS.pdf?_u=bf113a8ac30e0aef710db6539ad299370fa8e907, https://www.conad.it/assets/common/volantini/cno/vloc-s/LOC_SCSSCNCY_TO_13-03-25.pdf?_u=eb61ac6de769963f59a7da72e92752b617bf0b14, https://www.conad.it/assets/common/volantini/cno/v2505p/2505P_CITY_TOSCANA_PERS.pdf?_u=f45f1dda7157af7ca717014be9bdbcb1240fbee2, https://www.conad.it/assets/common/volantini/cno/vheyco/HeyConad_SpesaOnlineBIO_A4.pdf?_u=f7c0ad3af49a4eb7e6567390e0b0cd8121bf7a62, https://www.conad.it/assets/common/volantini/cno/vmi-pr/MI_PREMIO_27-02_CY_TOSCANA.pdf?_u=572303465965a8f67eb781f06449e1b3d70a0ce1"
https://www.conad.it/ricerca-negozi/conad-strada-provinciale-21-loc-ponte-a-chiani-snc-52100-arezzo--009521,"https://www.conad.it/assets/common/volantini/cno/v2506p/2506P_CONAD_TOSCANA_PERS.pdf?_u=50779c474545c6ff28c14ec4986e1ca0d3d2ca28, https://www.conad.it/assets/common/volantini/cno/vloc-s/LOC_SCSSCNCY_TO_13-03-25.pdf?_u=eb61ac6de769963f59a7da72e92752b617bf0b14, https://www.conad.it/assets/common/volantini/cno/v2505p/2505P_CONAD_TOSCANA_PERS.pdf?_u=9222615a89a3a108c38dc85f6075bec0d1aefa64, https://www.conad.it/assets/common/volantini/cno/vheyco/HeyConad_SpesaOnlineBIO_A4.pdf?_u=f7c0ad3af49a4eb7e6567390e0b0cd8121bf7a62, https://www.conad.it/assets/common/volantini/cno/vmi-pr/MI_PREMIO_27-02_CN_TOSCANA.pdf?_u=56a0e6f5edee8e2ee4613b7cdbfd309667e2227a"
https://www.conad.it/ricerca-negozi/conad-superstore-via-fondovalle-snc-55027-gallicano--005721,"https://www.conad.it/assets/common/volantini/cno/v2506p/2506P_SUPERSTORE_TOSCANA_PERS.pdf?_u=07aa3b5b989f1784ad96e9ae150868d441cd0198, https://www.conad.it/assets/common/volantini/cno/vloc-s/LOC_SCSSCNCY_TO_13-03-25.pdf?_u=eb61ac6de769963f59a7da72e92752b617bf0b14, https://www.conad.it/assets/common/volantini/cno/v2505p/2505P_SUPERSTORE_TOSCANA_PERS.pdf?_u=a927b30a40609c2bb28f0191ba0306a1243b284c, https://www.conad.it/assets/common/volantini/cno/vheyco/HeyConad_SpesaOnlineBIO_A4.pdf?_u=f7c0ad3af49a4eb7e6567390e0b0cd8121bf7a62, https://www.conad.it/assets/common/volantini/cno/vmi-pr/MI_PREMIO_27-02_SC-SS_TOSCANA.pdf?_u=82174e59d68eb5115f33f782e91a2293c96b0f95"
https://www.conad.it/ricerca-negozi/conad-city-via-paolina-bonaparte-171-55049-viareggio--006505,"https://www.conad.it/assets/common/volantini/cno/v2506p/2506P_CITY_TOSCANA_PERS.pdf?_u=bf113a8ac30e0aef710db6539ad299370fa8e907, https://www.conad.it/assets/common/volantini/cno/vloc-s/LOC_SCSSCNCY_TO_13-03-25.pdf?_u=eb61ac6de769963f59a7da72e92752b617bf0b14, https://www.conad.it/assets/common/volantini/cno/v2505p/2505P_CITY_TOSCANA_PERS.pdf?_u=f45f1dda7157af7ca717014be9bdbcb1240fbee2, https://www.conad.it/assets/common/volantini/cno/vheyco/HeyConad_SpesaOnlineBIO_A4.pdf?_u=f7c0ad3af49a4eb7e6567390e0b0cd8121bf7a62, https://www.conad.it/assets/common/volantini/cno/vmi-pr/MI_PREMIO_27-02_CY_TOSCANA.pdf?_u=572303465965a8f67eb781f06449e1b3d70a0ce1"
https://www.conad.it/ricerca-negozi/conad-city-via-roma-1-9-50063-figline-e-incisa-valdarno--009000,"https://www.conad.it/assets/common/volantini/cno/v2506p/2506P_CITY_TOSCANA_PERS.pdf?_u=bf113a8ac30e0aef710db6539ad299370fa8e907, https://www.conad.it/assets/common/volantini/cno/vloc-s/LOC_SCSSCNCY_TO_13-03-25.pdf?_u=eb61ac6de769963f59a7da72e92752b617bf0b14, https://www.conad.it/assets/common/volantini/cno/v2505p/2505P_CITY_TOSCANA_PERS.pdf?_u=f45f1dda7157af7ca717014be9bdbcb1240fbee2, https://www.conad.it/assets/common/volantini/cno/vheyco/HeyConad_SpesaOnlineBIO_A4.pdf?_u=f7c0ad3af49a4eb7e6567390e0b0cd8121bf7a62, https://www.conad.it/assets/common/volantini/cno/vmi-pr/MI_PREMIO_27-02_CY_TOSCANA.pdf?_u=572303465965a8f67eb781f06449e1b3d70a0ce1"
https://www.conad.it/ricerca-negozi/conad-city-via-giuseppe-chiarini-23-52100-arezzo--010381,"https://www.conad.it/assets/common/volantini/cno/v2506p/2506P_CITY_TOSCANA_PERS.pdf?_u=bf113a8ac30e0aef710db6539ad299370fa8e907, https://www.conad.it/assets/common/volantini/cno/vloc-s/LOC_SCSSCNCY_TO_13-03-25.pdf?_u=eb61ac6de769963f59a7da72e92752b617bf0b14, https://www.conad.it/assets/common/volantini/cno/v2505p/2505P_CITY_TOSCANA_PERS.pdf?_u=f45f1dda7157af7ca717014be9bdbcb1240fbee2, https://www.conad.it/assets/common/volantini/cno/vmi-pr/MI_PREMIO_27-02_CY_TOSCANA.pdf?_u=572303465965a8f67eb781f06449e1b3d70a0ce1"
https://www.conad.it/ricerca-negozi/pet-store-conad-via-di-fondovalle-snc-55027-gallicano--050723,https://www.conad.it/assets/common/volantini/cno/vvolan/Volantino-Conad-Superstore-Ovest-Tirreno-Petstore-27-Febbraio-26-Marzo-2025.pdf?_u=5626d0c695fb169b4cdff985a97402b7dc2bad54
https://www.conad.it/ricerca-negozi/conad-city-via-cesare-battisti-55-55049-viareggio--000850,"https://www.conad.it/assets/common/volantini/cno/v2506p/2506P_CITY_TOSCANA_PERS.pdf?_u=bf113a8ac30e0aef710db6539ad299370fa8e907, https://www.conad.it/assets/common/volantini/cno/vloc-s/LOC_SCSSCNCY_TO_13-03-25.pdf?_u=eb61ac6de769963f59a7da72e92752b617bf0b14, https://www.conad.it/assets/common/volantini/cno/v2505p/2505P_CITY_TOSCANA_PERS.pdf?_u=f45f1dda7157af7ca717014be9bdbcb1240fbee2, https://www.conad.it/assets/common/volantini/cno/vheyco/HeyConad_SpesaOnlineBIO_A4.pdf?_u=f7c0ad3af49a4eb7e6567390e0b0cd8121bf7a62, https://www.conad.it/assets/common/volantini/cno/vmi-pr/MI_PREMIO_27-02_CY_TOSCANA.pdf?_u=572303465965a8f67eb781f06449e1b3d70a0ce1"
https://www.conad.it/ricerca-negozi/conad-city-via-ponzano-84-50053-empoli--010550,"https://www.conad.it/assets/common/volantini/cno/v2506p/2506P_CITY_TOSCANA_PERS.pdf?_u=bf113a8ac30e0aef710db6539ad299370fa8e907, https://www.conad.it/assets/common/volantini/cno/vloc-s/LOC_SCSSCNCY_TO_13-03-25.pdf?_u=eb61ac6de769963f59a7da72e92752b617bf0b14, https://www.conad.it/assets/common/volantini/cno/v2505p/2505P_CITY_TOSCANA_PERS.pdf?_u=f45f1dda7157af7ca717014be9bdbcb1240fbee2, https://www.conad.it/assets/common/volantini/cno/vmi-pr/MI_PREMIO_27-02_CY_TOSCANA.pdf?_u=572303465965a8f67eb781f06449e1b3d70a0ce1"
https://www.conad.it/ricerca-negozi/conad-city-via-praga-6-58022-follonica--006327,"https://www.conad.it/assets/common/volantini/cno/v20252/20252506PCITYTOSCANA.pdf?_u=686d96d007ec20318dd92f6eea5afea2ec9b07ab, https://www.conad.it/assets/common/volantini/cno/vloc-s/LOC_SCSSCNCY_TO_13-03-25.pdf?_u=eb61ac6de769963f59a7da72e92752b617bf0b14, https://www.conad.it/assets/common/volantini/cno/v20252/20252505PCITYTOSCANA.pdf?_u=0a3a834ce58c3380c2d9dd649b7f39cb066719c4, https://www.conad.it/assets/common/volantini/cno/vmi-pr/MI_PREMIO_27-02_CY_TOSCANA.pdf?_u=572303465965a8f67eb781f06449e1b3d70a0ce1"
https://www.conad.it/ricerca-negozi/conad-viale-lunigiana-snc-54011-aulla--000847,"https://www.conad.it/assets/common/volantini/cno/v20252/20252506PCONADTOSCANA.pdf?_u=1d64585c46905335ab98147710318cc1399be773, https://www.conad.it/assets/common/volantini/cno/vloc-s/LOC_SCSSCNCY_SP_13-03-25.pdf?_u=d723fa8aae58d1aec4b875899300c38d9a28c29f, https://www.conad.it/assets/common/volantini/cno/v20252/20252505PCONADTOSCANA.pdf?_u=28aaf91f5bd4de857101640e6eab118a88ffa84c, https://www.conad.it/assets/common/volantini/cno/vheyco/HeyConad_SpesaOnlineBIO_A4.pdf?_u=f7c0ad3af49a4eb7e6567390e0b0cd8121bf7a62, https://www.conad.it/assets/common/volantini/cno/vmi-pr/MI_PREMIO_27-02_CN_TOSCANA.pdf?_u=56a0e6f5edee8e2ee4613b7cdbfd309667e2227a"
https://www.conad.it/ricerca-negozi/conad-via-pisana-snc-55049-viareggio--009522,"https://www.conad.it/assets/common/volantini/cno/v2506p/2506P_CONAD_TOSCANA_PERS.pdf?_u=50779c474545c6ff28c14ec4986e1ca0d3d2ca28, https://www.conad.it/assets/common/volantini/cno/vloc-s/LOC_SCSSCNCY_TO_13-03-25.pdf?_u=eb61ac6de769963f59a7da72e92752b617bf0b14, https://www.conad.it/assets/common/volantini/cno/v2505p/2505P_CONAD_TOSCANA_PERS.pdf?_u=9222615a89a3a108c38dc85f6075bec0d1aefa64, https://www.conad.it/assets/common/volantini/cno/vheyco/HeyConad_SpesaOnlineBIO_A4.pdf?_u=f7c0ad3af49a4eb7e6567390e0b0cd8121bf7a62, https://www.conad.it/assets/common/volantini/cno/vmi-pr/MI_PREMIO_27-02_CN_TOSCANA.pdf?_u=56a0e6f5edee8e2ee4613b7cdbfd309667e2227a"
https://www.conad.it/ricerca-negozi/conad-city-via-zandonai-1-50053-empoli--010551,"https://www.conad.it/assets/common/volantini/cno/v2506p/2506P_CITY_TOSCANA_PERS.pdf?_u=bf113a8ac30e0aef710db6539ad299370fa8e907, https://www.conad.it/assets/common/volantini/cno/vloc-s/LOC_SCSSCNCY_TO_13-03-25.pdf?_u=eb61ac6de769963f59a7da72e92752b617bf0b14, https://www.conad.it/assets/common/volantini/cno/v2505p/2505P_CITY_TOSCANA_PERS.pdf?_u=f45f1dda7157af7ca717014be9bdbcb1240fbee2, https://www.conad.it/assets/common/volantini/cno/vheyco/HeyConad_SpesaOnlineBIO_A4.pdf?_u=f7c0ad3af49a4eb7e6567390e0b0cd8121bf7a62, https://www.conad.it/assets/common/volantini/cno/vmi-pr/MI_PREMIO_27-02_CY_TOSCANA.pdf?_u=572303465965a8f67eb781f06449e1b3d70a0ce1"
https://www.conad.it/ricerca-negozi/conad-city-via-spagna-14-58022-follonica--006321,"https://www.conad.it/assets/common/volantini/cno/v20252/20252506PCITYTOSCANA.pdf?_u=686d96d007ec20318dd92f6eea5afea2ec9b07ab, https://www.conad.it/assets/common/volantini/cno/vloc-s/LOC_SCSSCNCY_TO_13-03-25.pdf?_u=eb61ac6de769963f59a7da72e92752b617bf0b14, https://www.conad.it/assets/common/volantini/cno/v20252/20252505PCITYTOSCANA.pdf?_u=0a3a834ce58c3380c2d9dd649b7f39cb066719c4, https://www.conad.it/assets/common/volantini/cno/vheyco/HeyConad_SpesaOnlineBIO_A4.pdf?_u=f7c0ad3af49a4eb7e6567390e0b0cd8121bf7a62, https://www.conad.it/assets/common/volantini/cno/vmi-pr/MI_PREMIO_27-02_CY_TOSCANA.pdf?_u=572303465965a8f67eb781f06449e1b3d70a0ce1"
https://www.conad.it/ricerca-negozi/conad-superstore-strada-statale-62-della-cisa-4-54018-licciana-nardi--003701,"https://www.conad.it/assets/common/volantini/cno/v20252/20252506PSUPERSTORETOSCANA.pdf?_u=4e951874e542b225faacc7d12ce17d546c2edf39, https://www.conad.it/assets/common/volantini/cno/vloc-s/LOC_SCSSCNCY_SP_13-03-25.pdf?_u=d723fa8aae58d1aec4b875899300c38d9a28c29f, https://www.conad.it/assets/common/volantini/cno/v20252/20252505PSUPERSTORETOSCANA.pdf?_u=2dbec7daedbb2b228dbc25e8edb11603b05e7ad9, https://www.conad.it/assets/common/volantini/cno/vheyco/HeyConad_SpesaOnlineBIO_A4.pdf?_u=f7c0ad3af49a4eb7e6567390e0b0cd8121bf7a62, https://www.conad.it/assets/common/volantini/cno/vmi-pr/MI_PREMIO_27-02_SC-SS_TOSCANA.pdf?_u=82174e59d68eb5115f33f782e91a2293c96b0f95"
https://www.conad.it/ricerca-negozi/conad-via-bonascola-35-54033-carrara--003686,"https://www.conad.it/assets/common/volantini/cno/v20252/20252506PCONADTOSCANA.pdf?_u=1d64585c46905335ab98147710318cc1399be773, https://www.conad.it/assets/common/volantini/cno/vloc-s/LOC_SCSSCNCY_SP_13-03-25.pdf?_u=d723fa8aae58d1aec4b875899300c38d9a28c29f, https://www.conad.it/assets/common/volantini/cno/v20252/20252505PCONADTOSCANA.pdf?_u=28aaf91f5bd4de857101640e6eab118a88ffa84c, https://www.conad.it/assets/common/volantini/cno/vheyco/HeyConad_SpesaOnlineBIO_A4.pdf?_u=f7c0ad3af49a4eb7e6567390e0b0cd8121bf7a62, https://www.conad.it/assets/common/volantini/cno/vmi-pr/MI_PREMIO_27-02_CN_TOSCANA.pdf?_u=56a0e6f5edee8e2ee4613b7cdbfd309667e2227a"
https://www.conad.it/ricerca-negozi/conad-city-via-tinto-di-battifolle-12-50053-empoli--010155,"https://www.conad.it/assets/common/volantini/cno/v2506p/2506P_CITY_TOSCANA_PERS.pdf?_u=bf113a8ac30e0aef710db6539ad299370fa8e907, https://www.conad.it/assets/common/volantini/cno/vloc-s/LOC_SCSSCNCY_TO_13-03-25.pdf?_u=eb61ac6de769963f59a7da72e92752b617bf0b14, https://www.conad.it/assets/common/volantini/cno/v2505p/2505P_CITY_TOSCANA_PERS.pdf?_u=f45f1dda7157af7ca717014be9bdbcb1240fbee2, https://www.conad.it/assets/common/volantini/cno/vheyco/HeyConad_SpesaOnlineBIO_A4.pdf?_u=f7c0ad3af49a4eb7e6567390e0b0cd8121bf7a62, https://www.conad.it/assets/common/volantini/cno/vmi-pr/MI_PREMIO_27-02_CY_TOSCANA.pdf?_u=572303465965a8f67eb781f06449e1b3d70a0ce1"
https://www.conad.it/ricerca-negozi/conad-city-via-litoranea-81-58022-follonica--003702,"https://www.conad.it/assets/common/volantini/cno/v20252/20252506PCITYTOSCANA.pdf?_u=686d96d007ec20318dd92f6eea5afea2ec9b07ab, https://www.conad.it/assets/common/volantini/cno/vloc-s/LOC_SCSSCNCY_TO_13-03-25.pdf?_u=eb61ac6de769963f59a7da72e92752b617bf0b14, https://www.conad.it/assets/common/volantini/cno/v20252/20252505PCITYTOSCANA.pdf?_u=0a3a834ce58c3380c2d9dd649b7f39cb066719c4, https://www.conad.it/assets/common/volantini/cno/vheyco/HeyConad_SpesaOnlineBIO_A4.pdf?_u=f7c0ad3af49a4eb7e6567390e0b0cd8121bf7a62, https://www.conad.it/assets/common/volantini/cno/vmi-pr/MI_PREMIO_27-02_CY_TOSCANA.pdf?_u=572303465965a8f67eb781f06449e1b3d70a0ce1"
https://www.conad.it/ricerca-negozi/pet-store-conad-via-montramito-1139-55054-massarosa--050829,https://www.conad.it/assets/common/volantini/cno/vvolan/Volantino-Conad-Superstore-Ovest-Tirreno-Petstore-27-Febbraio-26-Marzo-2025.pdf?_u=5626d0c695fb169b4cdff985a97402b7dc2bad54
https://www.conad.it/ricerca-negozi/pet-store-conad-corso-europa-unita-15-54016-licciana-nardi--050437,https://www.conad.it/assets/common/volantini/cno/vvolan/Volantino-Conad-Superstore-Ovest-Tirreno-Petstore-27-Febbraio-26-Marzo-2025.pdf?_u=5626d0c695fb169b4cdff985a97402b7dc2bad54
https://www.conad.it/ricerca-negozi/conad-viale-togliatti-98-50059-vinci--010552,"https://www.conad.it/assets/common/volantini/cno/v2506p/2506P_CONAD_TOSCANA_PERS.pdf?_u=50779c474545c6ff28c14ec4986e1ca0d3d2ca28, https://www.conad.it/assets/common/volantini/cno/vloc-s/LOC_SCSSCNCY_TO_13-03-25.pdf?_u=eb61ac6de769963f59a7da72e92752b617bf0b14, https://www.conad.it/assets/common/volantini/cno/v2505p/2505P_CONAD_TOSCANA_PERS.pdf?_u=9222615a89a3a108c38dc85f6075bec0d1aefa64, https://www.conad.it/assets/common/volantini/cno/vheyco/HeyConad_SpesaOnlineBIO_A4.pdf?_u=f7c0ad3af49a4eb7e6567390e0b0cd8121bf7a62, https://www.conad.it/assets/common/volantini/cno/vmi-pr/MI_PREMIO_27-02_CN_TOSCANA.pdf?_u=56a0e6f5edee8e2ee4613b7cdbfd309667e2227a"
https://www.conad.it/ricerca-negozi/conad-via-xxv-aprile-snc-58024-massa-marittima--010151,"https://www.conad.it/assets/common/volantini/cno/v20252/20252506PCONADTOSCANA.pdf?_u=1d64585c46905335ab98147710318cc1399be773, https://www.conad.it/assets/common/volantini/cno/vloc-s/LOC_SCSSCNCY_TO_13-03-25.pdf?_u=eb61ac6de769963f59a7da72e92752b617bf0b14, https://www.conad.it/assets/common/volantini/cno/v20252/20252505PCONADTOSCANA.pdf?_u=28aaf91f5bd4de857101640e6eab118a88ffa84c, https://www.conad.it/assets/common/volantini/cno/vheyco/HeyConad_SpesaOnlineBIO_A4.pdf?_u=f7c0ad3af49a4eb7e6567390e0b0cd8121bf7a62, https://www.conad.it/assets/common/volantini/cno/vmi-pr/MI_PREMIO_27-02_CN_TOSCANA.pdf?_u=56a0e6f5edee8e2ee4613b7cdbfd309667e2227a"
https://www.conad.it/ricerca-negozi/conad-via-martiri-di-nassiriya-29-52043-castiglion-fiorentino--009001,"https://www.conad.it/assets/common/volantini/cno/v2506p/2506P_CONAD_TOSCANA_PERS.pdf?_u=50779c474545c6ff28c14ec4986e1ca0d3d2ca28, https://www.conad.it/assets/common/volantini/cno/vloc-s/LOC_SCSSCNCY_TO_13-03-25.pdf?_u=eb61ac6de769963f59a7da72e92752b617bf0b14, https://www.conad.it/assets/common/volantini/cno/v2505p/2505P_CONAD_TOSCANA_PERS.pdf?_u=9222615a89a3a108c38dc85f6075bec0d1aefa64, https://www.conad.it/assets/common/volantini/cno/vheyco/HeyConad_SpesaOnlineBIO_A4.pdf?_u=f7c0ad3af49a4eb7e6567390e0b0cd8121bf7a62, https://www.conad.it/assets/common/volantini/cno/vmi-pr/MI_PREMIO_27-02_CN_TOSCANA.pdf?_u=56a0e6f5edee8e2ee4613b7cdbfd309667e2227a"
https://www.conad.it/ricerca-negozi/conad-city-via-delle-gardenie-23-50047-prato--003394,"https://www.conad.it/assets/common/volantini/cno/v2506p/2506P_CITY_TOSCANA_PERS.pdf?_u=bf113a8ac30e0aef710db6539ad299370fa8e907, https://www.conad.it/assets/common/volantini/cno/vloc-s/LOC_SCSSCNCY_TO_13-03-25.pdf?_u=eb61ac6de769963f59a7da72e92752b617bf0b14, https://www.conad.it/assets/common/volantini/cno/v2505p/2505P_CITY_TOSCANA_PERS.pdf?_u=f45f1dda7157af7ca717014be9bdbcb1240fbee2, https://www.conad.it/assets/common/volantini/cno/vmi-pr/MI_PREMIO_27-02_CY_TOSCANA.pdf?_u=572303465965a8f67eb781f06449e1b3d70a0ce1"
https://www.conad.it/ricerca-negozi/conad-via-s-maria-delle-vertighe-snc-52100-monte-san-savino--010525,"https://www.conad.it/assets/common/volantini/cno/v2506p/2506P_CONAD_TOSCANA_PERS.pdf?_u=50779c474545c6ff28c14ec4986e1ca0d3d2ca28, https://www.conad.it/assets/common/volantini/cno/vloc-s/LOC_SCSSCNCY_TO_13-03-25.pdf?_u=eb61ac6de769963f59a7da72e92752b617bf0b14, https://www.conad.it/assets/common/volantini/cno/v2505p/2505P_CONAD_TOSCANA_PERS.pdf?_u=9222615a89a3a108c38dc85f6075bec0d1aefa64, https://www.conad.it/assets/common/volantini/cno/vheyco/HeyConad_SpesaOnlineBIO_A4.pdf?_u=f7c0ad3af49a4eb7e6567390e0b0cd8121bf7a62, https://www.conad.it/assets/common/volantini/cno/vmi-pr/MI_PREMIO_27-02_CN_TOSCANA.pdf?_u=56a0e6f5edee8e2ee4613b7cdbfd309667e2227a"
https://www.conad.it/ricerca-negozi/conad-city-viale-europa-snc-57036-porto-azzurro--006501,"https://www.conad.it/assets/common/volantini/cno/v20252/20252506PCITYELBA.pdf?_u=879fdbd57dfa6ee42ca4cdfe7a76da34f8baa380, https://www.conad.it/assets/common/volantini/cno/vloc-s/LOC_SCSSCNCY_TO_13-03-25.pdf?_u=eb61ac6de769963f59a7da72e92752b617bf0b14, https://www.conad.it/assets/common/volantini/cno/v20252/20252505PCITYELBA.pdf?_u=186691e861817f4ab017da22be463dcc43686c16, https://www.conad.it/assets/common/volantini/cno/vmi-pr/MI_PREMIO_27-02_CY_TOSCANA.pdf?_u=572303465965a8f67eb781f06449e1b3d70a0ce1"
https://www.conad.it/ricerca-negozi/conad-via-e-bernabei-4-a-53045-montepulciano--002930,"https://www.conad.it/assets/common/volantini/cno/v2506p/2506P_CONAD_TOSCANA_PERS.pdf?_u=50779c474545c6ff28c14ec4986e1ca0d3d2ca28, https://www.conad.it/assets/common/volantini/cno/vloc-s/LOC_SCSSCNCY_TO_13-03-25.pdf?_u=eb61ac6de769963f59a7da72e92752b617bf0b14, https://www.conad.it/assets/common/volantini/cno/v2505p/2505P_CONAD_TOSCANA_PERS.pdf?_u=9222615a89a3a108c38dc85f6075bec0d1aefa64, https://www.conad.it/assets/common/volantini/cno/vmi-pr/MI_PREMIO_27-02_CN_TOSCANA.pdf?_u=56a0e6f5edee8e2ee4613b7cdbfd309667e2227a"
https://www.conad.it/ricerca-negozi/conad-city-via-luigi-gaspare-spontini-29-31-59100-prato--006502,"https://www.conad.it/assets/common/volantini/cno/v2506p/2506P_CITY_TOSCANA_PERS.pdf?_u=bf113a8ac30e0aef710db6539ad299370fa8e907, https://www.conad.it/assets/common/volantini/cno/vloc-s/LOC_SCSSCNCY_TO_13-03-25.pdf?_u=eb61ac6de769963f59a7da72e92752b617bf0b14, https://www.conad.it/assets/common/volantini/cno/v2505p/2505P_CITY_TOSCANA_PERS.pdf?_u=f45f1dda7157af7ca717014be9bdbcb1240fbee2, https://www.conad.it/assets/common/volantini/cno/vheyco/HeyConad_SpesaOnlineBIO_A4.pdf?_u=f7c0ad3af49a4eb7e6567390e0b0cd8121bf7a62, https://www.conad.it/assets/common/volantini/cno/vmi-pr/MI_PREMIO_27-02_CY_TOSCANA.pdf?_u=572303465965a8f67eb781f06449e1b3d70a0ce1"
https://www.conad.it/ricerca-negozi/pet-store-conad-via-delle-cerbaie-snc-55011-altopascio--050806,https://www.conad.it/assets/common/volantini/cno/vvolan/Volantino-Conad-Superstore-Ovest-Tirreno-Petstore-27-Febbraio-26-Marzo-2025.pdf?_u=5626d0c695fb169b4cdff985a97402b7dc2bad54
https://www.conad.it/ricerca-negozi/conad-city-via-principe-amedeo-snc-57038-rio--010280,"https://www.conad.it/assets/common/volantini/cno/v20252/20252506PCITYELBA.pdf?_u=879fdbd57dfa6ee42ca4cdfe7a76da34f8baa380, https://www.conad.it/assets/common/volantini/cno/vloc-s/LOC_SCSSCNCY_TO_13-03-25.pdf?_u=eb61ac6de769963f59a7da72e92752b617bf0b14, https://www.conad.it/assets/common/volantini/cno/v20252/20252505PCITYELBA.pdf?_u=186691e861817f4ab017da22be463dcc43686c16, https://www.conad.it/assets/common/volantini/cno/vheyco/HeyConad_SpesaOnlineBIO_A4.pdf?_u=f7c0ad3af49a4eb7e6567390e0b0cd8121bf7a62, https://www.conad.it/assets/common/volantini/cno/vmi-pr/MI_PREMIO_27-02_CY_TOSCANA.pdf?_u=572303465965a8f67eb781f06449e1b3d70a0ce1"
https://www.conad.it/ricerca-negozi/conad-via-provinciale-limitese-56-50050-capraia-e-limite--010553,"https://www.conad.it/assets/common/volantini/cno/v2506p/2506P_CONAD_TOSCANA_PERS.pdf?_u=50779c474545c6ff28c14ec4986e1ca0d3d2ca28, https://www.conad.it/assets/common/volantini/cno/vloc-s/LOC_SCSSCNCY_TO_13-03-25.pdf?_u=eb61ac6de769963f59a7da72e92752b617bf0b14, https://www.conad.it/assets/common/volantini/cno/v2505p/2505P_CONAD_TOSCANA_PERS.pdf?_u=9222615a89a3a108c38dc85f6075bec0d1aefa64, https://www.conad.it/assets/common/volantini/cno/vmi-pr/MI_PREMIO_27-02_CN_TOSCANA.pdf?_u=56a0e6f5edee8e2ee4613b7cdbfd309667e2227a"
https://www.conad.it/ricerca-negozi/conad-superstore-via-anna-kuliscioff-3-59100-prato--004839,"https://www.conad.it/assets/common/volantini/cno/v2506p/2506P_SUPERSTORE_TOSCANA_PERS.pdf?_u=07aa3b5b989f1784ad96e9ae150868d441cd0198, https://www.conad.it/assets/common/volantini/cno/vloc-s/LOC_SCSSCNCY_TO_13-03-25.pdf?_u=eb61ac6de769963f59a7da72e92752b617bf0b14, https://www.conad.it/assets/common/volantini/cno/v2505p/2505P_SUPERSTORE_TOSCANA_PERS.pdf?_u=a927b30a40609c2bb28f0191ba0306a1243b284c, https://www.conad.it/assets/common/volantini/cno/vheyco/HeyConad_SpesaOnlineBIO_A4.pdf?_u=f7c0ad3af49a4eb7e6567390e0b0cd8121bf7a62, https://www.conad.it/assets/common/volantini/cno/vmi-pr/MI_PREMIO_27-02_SC-SS_TOSCANA.pdf?_u=82174e59d68eb5115f33f782e91a2293c96b0f95"
https://www.conad.it/ricerca-negozi/conad-city-via-romana-30-a-51013-chiesina-uzzanese--000879,"https://www.conad.it/assets/common/volantini/cno/v2506p/2506P_CITY_TOSCANA_PERS.pdf?_u=bf113a8ac30e0aef710db6539ad299370fa8e907, https://www.conad.it/assets/common/volantini/cno/vloc-s/LOC_SCSSCNCY_TO_13-03-25.pdf?_u=eb61ac6de769963f59a7da72e92752b617bf0b14, https://www.conad.it/assets/common/volantini/cno/v2505p/2505P_CITY_TOSCANA_PERS.pdf?_u=f45f1dda7157af7ca717014be9bdbcb1240fbee2, https://www.conad.it/assets/common/volantini/cno/vheyco/HeyConad_SpesaOnlineBIO_A4.pdf?_u=f7c0ad3af49a4eb7e6567390e0b0cd8121bf7a62, https://www.conad.it/assets/common/volantini/cno/vmi-pr/MI_PREMIO_27-02_CY_TOSCANA.pdf?_u=572303465965a8f67eb781f06449e1b3d70a0ce1"
https://www.conad.it/ricerca-negozi/conad-city-via-giuseppe-mazzini-3-57037-capoliveri--009651,"https://www.conad.it/assets/common/volantini/cno/v20252/20252506PCITYELBA.pdf?_u=879fdbd57dfa6ee42ca4cdfe7a76da34f8baa380, https://www.conad.it/assets/common/volantini/cno/vloc-s/LOC_SCSSCNCY_TO_13-03-25.pdf?_u=eb61ac6de769963f59a7da72e92752b617bf0b14, https://www.conad.it/assets/common/volantini/cno/v20252/20252505PCITYELBA.pdf?_u=186691e861817f4ab017da22be463dcc43686c16, https://www.conad.it/assets/common/volantini/cno/vmi-pr/MI_PREMIO_27-02_CY_TOSCANA.pdf?_u=572303465965a8f67eb781f06449e1b3d70a0ce1"
https://www.conad.it/ricerca-negozi/conad-city-via-roma-39-51039-quarrata--000832,"https://www.conad.it/assets/common/volantini/cno/v2506p/2506P_CITY_TOSCANA_PERS.pdf?_u=bf113a8ac30e0aef710db6539ad299370fa8e907, https://www.conad.it/assets/common/volantini/cno/vloc-s/LOC_SCSSCNCY_TO_13-03-25.pdf?_u=eb61ac6de769963f59a7da72e92752b617bf0b14, https://www.conad.it/assets/common/volantini/cno/v2505p/2505P_CITY_TOSCANA_PERS.pdf?_u=f45f1dda7157af7ca717014be9bdbcb1240fbee2, https://www.conad.it/assets/common/volantini/cno/vheyco/HeyConad_SpesaOnlineBIO_A4.pdf?_u=f7c0ad3af49a4eb7e6567390e0b0cd8121bf7a62, https://www.conad.it/assets/common/volantini/cno/vmi-pr/MI_PREMIO_27-02_CY_TOSCANA.pdf?_u=572303465965a8f67eb781f06449e1b3d70a0ce1"
https://www.conad.it/ricerca-negozi/conad-via-vii-marzo-15-59100-prato--003392,"https://www.conad.it/assets/common/volantini/cno/v2506p/2506P_CONAD_TOSCANA_PERS.pdf?_u=50779c474545c6ff28c14ec4986e1ca0d3d2ca28, https://www.conad.it/assets/common/volantini/cno/vloc-s/LOC_SCSSCNCY_TO_13-03-25.pdf?_u=eb61ac6de769963f59a7da72e92752b617bf0b14, https://www.conad.it/assets/common/volantini/cno/v2505p/2505P_CONAD_TOSCANA_PERS.pdf?_u=9222615a89a3a108c38dc85f6075bec0d1aefa64, https://www.conad.it/assets/common/volantini/cno/vheyco/HeyConad_SpesaOnlineBIO_A4.pdf?_u=f7c0ad3af49a4eb7e6567390e0b0cd8121bf7a62, https://www.conad.it/assets/common/volantini/cno/vmi-pr/MI_PREMIO_27-02_CN_TOSCANA.pdf?_u=56a0e6f5edee8e2ee4613b7cdbfd309667e2227a"
https://www.conad.it/ricerca-negozi/conad-city-provle-buggianese-22-51019-ponte-buggianese--000833,"https://www.conad.it/assets/common/volantini/cno/v2506p/2506P_CITY_TOSCANA_PERS.pdf?_u=bf113a8ac30e0aef710db6539ad299370fa8e907, https://www.conad.it/assets/common/volantini/cno/vloc-s/LOC_SCSSCNCY_TO_13-03-25.pdf?_u=eb61ac6de769963f59a7da72e92752b617bf0b14, https://www.conad.it/assets/common/volantini/cno/v2505p/2505P_CITY_TOSCANA_PERS.pdf?_u=f45f1dda7157af7ca717014be9bdbcb1240fbee2, https://www.conad.it/assets/common/volantini/cno/vheyco/HeyConad_SpesaOnlineBIO_A4.pdf?_u=f7c0ad3af49a4eb7e6567390e0b0cd8121bf7a62, https://www.conad.it/assets/common/volantini/cno/vmi-pr/MI_PREMIO_27-02_CY_TOSCANA.pdf?_u=572303465965a8f67eb781f06449e1b3d70a0ce1"
https://www.conad.it/ricerca-negozi/conad-city-viale-australia-snc-57031-capoliveri--010224,"https://www.conad.it/assets/common/volantini/cno/v20252/20252506PCITYELBA.pdf?_u=879fdbd57dfa6ee42ca4cdfe7a76da34f8baa380, https://www.conad.it/assets/common/volantini/cno/vloc-s/LOC_SCSSCNCY_TO_13-03-25.pdf?_u=eb61ac6de769963f59a7da72e92752b617bf0b14, https://www.conad.it/assets/common/volantini/cno/v20252/20252505PCITYELBA.pdf?_u=186691e861817f4ab017da22be463dcc43686c16, https://www.conad.it/assets/common/volantini/cno/vmi-pr/MI_PREMIO_27-02_CY_TOSCANA.pdf?_u=572303465965a8f67eb781f06449e1b3d70a0ce1"
https://www.conad.it/ricerca-negozi/conad-city-via-alfani-7-59100-prato--008935,"https://www.conad.it/assets/common/volantini/cno/v2506p/2506P_CITY_TOSCANA_PERS.pdf?_u=bf113a8ac30e0aef710db6539ad299370fa8e907, https://www.conad.it/assets/common/volantini/cno/vloc-s/LOC_SCSSCNCY_TO_13-03-25.pdf?_u=eb61ac6de769963f59a7da72e92752b617bf0b14, https://www.conad.it/assets/common/volantini/cno/v2505p/2505P_CITY_TOSCANA_PERS.pdf?_u=f45f1dda7157af7ca717014be9bdbcb1240fbee2, https://www.conad.it/assets/common/volantini/cno/vmi-pr/MI_PREMIO_27-02_CY_TOSCANA.pdf?_u=572303465965a8f67eb781f06449e1b3d70a0ce1"
https://www.conad.it/ricerca-negozi/pet-store-conad-via-xxv-aprile-snc-52100-quarrata--050844,https://www.conad.it/assets/common/volantini/cno/vvolan/Volantino-Conad-Superstore-Ovest-Tirreno-Petstore-27-Febbraio-26-Marzo-2025.pdf?_u=5626d0c695fb169b4cdff985a97402b7dc2bad54
https://www.conad.it/ricerca-negozi/conad-city-via-martin-luther-king-snc-56017-san-giuliano-terme--010128,"https://www.conad.it/assets/common/volantini/cno/v2506p/2506P_CITY_TOSCANA_PERS.pdf?_u=bf113a8ac30e0aef710db6539ad299370fa8e907, https://www.conad.it/assets/common/volantini/cno/vloc-s/LOC_SCSSCNCY_TO_13-03-25.pdf?_u=eb61ac6de769963f59a7da72e92752b617bf0b14, https://www.conad.it/assets/common/volantini/cno/v2505p/2505P_CITY_TOSCANA_PERS.pdf?_u=f45f1dda7157af7ca717014be9bdbcb1240fbee2, https://www.conad.it/assets/common/volantini/cno/vmi-pr/MI_PREMIO_27-02_CY_TOSCANA.pdf?_u=572303465965a8f67eb781f06449e1b3d70a0ce1"
https://www.conad.it/ricerca-negozi/conad-via-di-tiglio-1075-55100-lucca--008996,"https://www.conad.it/assets/common/volantini/cno/v2506p/2506P_CONAD_TOSCANA_PERS.pdf?_u=50779c474545c6ff28c14ec4986e1ca0d3d2ca28, https://www.conad.it/assets/common/volantini/cno/vloc-s/LOC_SCSSCNCY_TO_13-03-25.pdf?_u=eb61ac6de769963f59a7da72e92752b617bf0b14, https://www.conad.it/assets/common/volantini/cno/v2505p/2505P_CONAD_TOSCANA_PERS.pdf?_u=9222615a89a3a108c38dc85f6075bec0d1aefa64, https://www.conad.it/assets/common/volantini/cno/vheyco/HeyConad_SpesaOnlineBIO_A4.pdf?_u=f7c0ad3af49a4eb7e6567390e0b0cd8121bf7a62, https://www.conad.it/assets/common/volantini/cno/vmi-pr/MI_PREMIO_27-02_CN_TOSCANA.pdf?_u=56a0e6f5edee8e2ee4613b7cdbfd309667e2227a"
https://www.conad.it/ricerca-negozi/conad-via-pistoiese-angolo-via-della-viaccia-snc-59013-montemurlo--009639,"https://www.conad.it/assets/common/volantini/cno/v2506p/2506P_CONAD_TOSCANA_PERS.pdf?_u=50779c474545c6ff28c14ec4986e1ca0d3d2ca28, https://www.conad.it/assets/common/volantini/cno/vloc-s/LOC_SCSSCNCY_TO_13-03-25.pdf?_u=eb61ac6de769963f59a7da72e92752b617bf0b14, https://www.conad.it/assets/common/volantini/cno/v2505p/2505P_CONAD_TOSCANA_PERS.pdf?_u=9222615a89a3a108c38dc85f6075bec0d1aefa64, https://www.conad.it/assets/common/volantini/cno/vheyco/HeyConad_SpesaOnlineBIO_A4.pdf?_u=f7c0ad3af49a4eb7e6567390e0b0cd8121bf7a62, https://www.conad.it/assets/common/volantini/cno/vmi-pr/MI_PREMIO_27-02_CN_TOSCANA.pdf?_u=56a0e6f5edee8e2ee4613b7cdbfd309667e2227a"
https://www.conad.it/ricerca-negozi/conad-via-don-minzoni-13-50041-calenzano--009005,"https://www.conad.it/assets/common/volantini/cno/v2506p/2506P_CONAD_TOSCANA_PERS.pdf?_u=50779c474545c6ff28c14ec4986e1ca0d3d2ca28, https://www.conad.it/assets/common/volantini/cno/vloc-s/LOC_SCSSCNCY_TO_13-03-25.pdf?_u=eb61ac6de769963f59a7da72e92752b617bf0b14, https://www.conad.it/assets/common/volantini/cno/v-heyc/_HeyConad_Sconto_Prima_Spesa_A4.pdf?_u=27a4f8ca73ab016bbe1157422c94e1b907b06a0b, https://www.conad.it/assets/common/volantini/cno/v2505p/2505P_CONAD_TOSCANA_PERS.pdf?_u=9222615a89a3a108c38dc85f6075bec0d1aefa64, https://www.conad.it/assets/common/volantini/cno/vheyco/HeyConad_SpesaOnlineBIO_A4.pdf?_u=f7c0ad3af49a4eb7e6567390e0b0cd8121bf7a62, https://www.conad.it/assets/common/volantini/cno/vmi-pr/MI_PREMIO_27-02_CN_TOSCANA.pdf?_u=56a0e6f5edee8e2ee4613b7cdbfd309667e2227a"
https://www.conad.it/ricerca-negozi/conad-via-brodolini-20-56010-san-giuliano-terme--003698,"https://www.conad.it/assets/common/volantini/cno/v2506p/2506P_CONAD_TOSCANA_PERS.pdf?_u=50779c474545c6ff28c14ec4986e1ca0d3d2ca28, https://www.conad.it/assets/common/volantini/cno/vloc-s/LOC_SCSSCNCY_TO_13-03-25.pdf?_u=eb61ac6de769963f59a7da72e92752b617bf0b14, https://www.conad.it/assets/common/volantini/cno/v2505p/2505P_CONAD_TOSCANA_PERS.pdf?_u=9222615a89a3a108c38dc85f6075bec0d1aefa64, https://www.conad.it/assets/common/volantini/cno/vheyco/HeyConad_SpesaOnlineBIO_A4.pdf?_u=f7c0ad3af49a4eb7e6567390e0b0cd8121bf7a62, https://www.conad.it/assets/common/volantini/cno/vmi-pr/MI_PREMIO_27-02_CN_TOSCANA.pdf?_u=56a0e6f5edee8e2ee4613b7cdbfd309667e2227a"
https://www.conad.it/ricerca-negozi/pet-store-conad-via-dante-alighieri-snc-55100-lucca--050807,https://www.conad.it/assets/common/volantini/cno/vvolan/Volantino-Conad-Superstore-Ovest-Tirreno-Petstore-27-Febbraio-26-Marzo-2025.pdf?_u=5626d0c695fb169b4cdff985a97402b7dc2bad54
https://www.conad.it/ricerca-negozi/conad-city-via-enea-colzi-13-17-51031-agliana--008148,"https://www.conad.it/assets/common/volantini/cno/v2506p/2506P_CITY_TOSCANA_PERS.pdf?_u=bf113a8ac30e0aef710db6539ad299370fa8e907, https://www.conad.it/assets/common/volantini/cno/vloc-s/LOC_SCSSCNCY_TO_13-03-25.pdf?_u=eb61ac6de769963f59a7da72e92752b617bf0b14, https://www.conad.it/assets/common/volantini/cno/v2505p/2505P_CITY_TOSCANA_PERS.pdf?_u=f45f1dda7157af7ca717014be9bdbcb1240fbee2, https://www.conad.it/assets/common/volantini/cno/vmi-pr/MI_PREMIO_27-02_CY_TOSCANA.pdf?_u=572303465965a8f67eb781f06449e1b3d70a0ce1"
https://www.conad.it/ricerca-negozi/conad-city-piazza-san-francesco-21-59100-prato--010327,"https://www.conad.it/assets/common/volantini/cno/v2506p/2506P_CITY_TOSCANA_PERS.pdf?_u=bf113a8ac30e0aef710db6539ad299370fa8e907, https://www.conad.it/assets/common/volantini/cno/vloc-s/LOC_SCSSCNCY_TO_13-03-25.pdf?_u=eb61ac6de769963f59a7da72e92752b617bf0b14, https://www.conad.it/assets/common/volantini/cno/v2505p/2505P_CITY_TOSCANA_PERS.pdf?_u=f45f1dda7157af7ca717014be9bdbcb1240fbee2, https://www.conad.it/assets/common/volantini/cno/vmi-pr/MI_PREMIO_27-02_CY_TOSCANA.pdf?_u=572303465965a8f67eb781f06449e1b3d70a0ce1"
https://www.conad.it/ricerca-negozi/conad-via-di-tiglio-420-55012-capannori--008997,"https://www.conad.it/assets/common/volantini/cno/v2506p/2506P_CONAD_TOSCANA_PERS.pdf?_u=50779c474545c6ff28c14ec4986e1ca0d3d2ca28, https://www.conad.it/assets/common/volantini/cno/vloc-s/LOC_SCSSCNCY_TO_13-03-25.pdf?_u=eb61ac6de769963f59a7da72e92752b617bf0b14, https://www.conad.it/assets/common/volantini/cno/v2505p/2505P_CONAD_TOSCANA_PERS.pdf?_u=9222615a89a3a108c38dc85f6075bec0d1aefa64, https://www.conad.it/assets/common/volantini/cno/vmi-pr/MI_PREMIO_27-02_CN_TOSCANA.pdf?_u=56a0e6f5edee8e2ee4613b7cdbfd309667e2227a"
https://www.conad.it/ricerca-negozi/conad-via-giovanni-lerario-127-57025-piombino--010204,"https://www.conad.it/assets/common/volantini/cno/v20252/20252506PCONADTOSCANA.pdf?_u=1d64585c46905335ab98147710318cc1399be773, https://www.conad.it/assets/common/volantini/cno/vloc-s/LOC_SCSSCNCY_TO_13-03-25.pdf?_u=eb61ac6de769963f59a7da72e92752b617bf0b14, https://www.conad.it/assets/common/volantini/cno/v20252/20252505PCONADTOSCANA.pdf?_u=28aaf91f5bd4de857101640e6eab118a88ffa84c, https://www.conad.it/assets/common/volantini/cno/vheyco/HeyConad_SpesaOnlineBIO_A4.pdf?_u=f7c0ad3af49a4eb7e6567390e0b0cd8121bf7a62, https://www.conad.it/assets/common/volantini/cno/vmi-pr/MI_PREMIO_27-02_CN_TOSCANA.pdf?_u=56a0e6f5edee8e2ee4613b7cdbfd309667e2227a"
https://www.conad.it/ricerca-negozi/conad-city-via-palmiro-foresi-snc-51100-pistoia--008348,"https://www.conad.it/assets/common/volantini/cno/v2506p/2506P_CITY_TOSCANA_PERS.pdf?_u=bf113a8ac30e0aef710db6539ad299370fa8e907, https://www.conad.it/assets/common/volantini/cno/vloc-s/LOC_SCSSCNCY_TO_13-03-25.pdf?_u=eb61ac6de769963f59a7da72e92752b617bf0b14, https://www.conad.it/assets/common/volantini/cno/v2505p/2505P_CITY_TOSCANA_PERS.pdf?_u=f45f1dda7157af7ca717014be9bdbcb1240fbee2, https://www.conad.it/assets/common/volantini/cno/vheyco/HeyConad_SpesaOnlineBIO_A4.pdf?_u=f7c0ad3af49a4eb7e6567390e0b0cd8121bf7a62, https://www.conad.it/assets/common/volantini/cno/vmi-pr/MI_PREMIO_27-02_CY_TOSCANA.pdf?_u=572303465965a8f67eb781f06449e1b3d70a0ce1"
https://www.conad.it/ricerca-negozi/conad-superstore-via-giuseppe-catani-28-b-59100-prato--000816,"https://www.conad.it/assets/common/volantini/cno/v2506p/2506P_SUPERSTORE_TOSCANA_PERS.pdf?_u=07aa3b5b989f1784ad96e9ae150868d441cd0198, https://www.conad.it/assets/common/volantini/cno/vloc-s/LOC_SCSSCNCY_TO_13-03-25.pdf?_u=eb61ac6de769963f59a7da72e92752b617bf0b14, https://www.conad.it/assets/common/volantini/cno/v2505p/2505P_SUPERSTORE_TOSCANA_PERS.pdf?_u=a927b30a40609c2bb28f0191ba0306a1243b284c, https://www.conad.it/assets/common/volantini/cno/vheyco/HeyConad_SpesaOnlineBIO_A4.pdf?_u=f7c0ad3af49a4eb7e6567390e0b0cd8121bf7a62, https://www.conad.it/assets/common/volantini/cno/vmi-pr/MI_PREMIO_27-02_SC-SS_TOSCANA.pdf?_u=82174e59d68eb5115f33f782e91a2293c96b0f95"
https://www.conad.it/ricerca-negozi/conad-city-via-v-emanuele-ii-48-55100-lucca--009414,"https://www.conad.it/assets/common/volantini/cno/v2506p/2506P_CITY_TOSCANA_PERS.pdf?_u=bf113a8ac30e0aef710db6539ad299370fa8e907, https://www.conad.it/assets/common/volantini/cno/vloc-s/LOC_SCSSCNCY_TO_13-03-25.pdf?_u=eb61ac6de769963f59a7da72e92752b617bf0b14, https://www.conad.it/assets/common/volantini/cno/v2505p/2505P_CITY_TOSCANA_PERS.pdf?_u=f45f1dda7157af7ca717014be9bdbcb1240fbee2, https://www.conad.it/assets/common/volantini/cno/vmi-pr/MI_PREMIO_27-02_CY_TOSCANA.pdf?_u=572303465965a8f67eb781f06449e1b3d70a0ce1"
https://www.conad.it/ricerca-negozi/conad-via-dellagricoltura-9-57021-campiglia-marittima--008280,"https://www.conad.it/assets/common/volantini/cno/v20252/20252506PCONADTOSCANA.pdf?_u=1d64585c46905335ab98147710318cc1399be773, https://www.conad.it/assets/common/volantini/cno/vloc-s/LOC_SCSSCNCY_TO_13-03-25.pdf?_u=eb61ac6de769963f59a7da72e92752b617bf0b14, https://www.conad.it/assets/common/volantini/cno/v20252/20252505PCONADTOSCANA.pdf?_u=28aaf91f5bd4de857101640e6eab118a88ffa84c, https://www.conad.it/assets/common/volantini/cno/vheyco/HeyConad_SpesaOnlineBIO_A4.pdf?_u=f7c0ad3af49a4eb7e6567390e0b0cd8121bf7a62, https://www.conad.it/assets/common/volantini/cno/vmi-pr/MI_PREMIO_27-02_CN_TOSCANA.pdf?_u=56a0e6f5edee8e2ee4613b7cdbfd309667e2227a"
https://www.conad.it/ricerca-negozi/conad-city-via-degli-oleandri-6-51100-pistoia--000842,"https://www.conad.it/assets/common/volantini/cno/v2506p/2506P_CITY_TOSCANA_PERS.pdf?_u=bf113a8ac30e0aef710db6539ad299370fa8e907, https://www.conad.it/assets/common/volantini/cno/vloc-s/LOC_SCSSCNCY_TO_13-03-25.pdf?_u=eb61ac6de769963f59a7da72e92752b617bf0b14, https://www.conad.it/assets/common/volantini/cno/v2505p/2505P_CITY_TOSCANA_PERS.pdf?_u=f45f1dda7157af7ca717014be9bdbcb1240fbee2, https://www.conad.it/assets/common/volantini/cno/vmi-pr/MI_PREMIO_27-02_CY_TOSCANA.pdf?_u=572303465965a8f67eb781f06449e1b3d70a0ce1"
https://www.conad.it/ricerca-negozi/conad-city-via-evaristo-gherardi-80-59100-prato--000837,"https://www.conad.it/assets/common/volantini/cno/v2506p/2506P_CITY_TOSCANA_PERS.pdf?_u=bf113a8ac30e0aef710db6539ad299370fa8e907, https://www.conad.it/assets/common/volantini/cno/vloc-s/LOC_SCSSCNCY_TO_13-03-25.pdf?_u=eb61ac6de769963f59a7da72e92752b617bf0b14, https://www.conad.it/assets/common/volantini/cno/v2505p/2505P_CITY_TOSCANA_PERS.pdf?_u=f45f1dda7157af7ca717014be9bdbcb1240fbee2, https://www.conad.it/assets/common/volantini/cno/vmi-pr/MI_PREMIO_27-02_CY_TOSCANA.pdf?_u=572303465965a8f67eb781f06449e1b3d70a0ce1"
https://www.conad.it/ricerca-negozi/conad-via-einaudi-snc-55100-lucca--008788,"https://www.conad.it/assets/common/volantini/cno/v2506p/2506P_CONAD_TOSCANA_PERS.pdf?_u=50779c474545c6ff28c14ec4986e1ca0d3d2ca28, https://www.conad.it/assets/common/volantini/cno/vloc-s/LOC_SCSSCNCY_TO_13-03-25.pdf?_u=eb61ac6de769963f59a7da72e92752b617bf0b14, https://www.conad.it/assets/common/volantini/cno/v2505p/2505P_CONAD_TOSCANA_PERS.pdf?_u=9222615a89a3a108c38dc85f6075bec0d1aefa64, https://www.conad.it/assets/common/volantini/cno/vheyco/HeyConad_SpesaOnlineBIO_A4.pdf?_u=f7c0ad3af49a4eb7e6567390e0b0cd8121bf7a62, https://www.conad.it/assets/common/volantini/cno/vmi-pr/MI_PREMIO_27-02_CN_TOSCANA.pdf?_u=56a0e6f5edee8e2ee4613b7cdbfd309667e2227a"
https://www.conad.it/ricerca-negozi/pet-store-conad-viale-della-fiera-9-57021-campiglia-marittima--050704,https://www.conad.it/assets/common/volantini/cno/vvolan/Volantino-Conad-Superstore-Ovest-Tirreno-Petstore-27-Febbraio-26-Marzo-2025.pdf?_u=5626d0c695fb169b4cdff985a97402b7dc2bad54
https://www.conad.it/ricerca-negozi/conad-city-via-provinciale-montalbano-371-b-51034-serravalle-pistoiese--000825,"https://www.conad.it/assets/common/volantini/cno/v2506p/2506P_CITY_TOSCANA_PERS.pdf?_u=bf113a8ac30e0aef710db6539ad299370fa8e907, https://www.conad.it/assets/common/volantini/cno/vloc-s/LOC_SCSSCNCY_TO_13-03-25.pdf?_u=eb61ac6de769963f59a7da72e92752b617bf0b14, https://www.conad.it/assets/common/volantini/cno/v2505p/2505P_CITY_TOSCANA_PERS.pdf?_u=f45f1dda7157af7ca717014be9bdbcb1240fbee2, https://www.conad.it/assets/common/volantini/cno/vmi-pr/MI_PREMIO_27-02_CY_TOSCANA.pdf?_u=572303465965a8f67eb781f06449e1b3d70a0ce1"
https://www.conad.it/ricerca-negozi/conad-city-via-pistoiese-343-59100-prato--000853,"https://www.conad.it/assets/common/volantini/cno/v2506p/2506P_CITY_TOSCANA_PERS.pdf?_u=bf113a8ac30e0aef710db6539ad299370fa8e907, https://www.conad.it/assets/common/volantini/cno/vloc-s/LOC_SCSSCNCY_TO_13-03-25.pdf?_u=eb61ac6de769963f59a7da72e92752b617bf0b14, https://www.conad.it/assets/common/volantini/cno/v2505p/2505P_CITY_TOSCANA_PERS.pdf?_u=f45f1dda7157af7ca717014be9bdbcb1240fbee2, https://www.conad.it/assets/common/volantini/cno/vmi-pr/MI_PREMIO_27-02_CY_TOSCANA.pdf?_u=572303465965a8f67eb781f06449e1b3d70a0ce1"
https://www.conad.it/ricerca-negozi/conad-via-delle-cerbaie-snc-55011-altopascio--000826,"https://www.conad.it/assets/common/volantini/cno/v2506p/2506P_CONAD_TOSCANA_PERS.pdf?_u=50779c474545c6ff28c14ec4986e1ca0d3d2ca28, https://www.conad.it/assets/common/volantini/cno/vloc-s/LOC_SCSSCNCY_TO_13-03-25.pdf?_u=eb61ac6de769963f59a7da72e92752b617bf0b14, https://www.conad.it/assets/common/volantini/cno/v2505p/2505P_CONAD_TOSCANA_PERS.pdf?_u=9222615a89a3a108c38dc85f6075bec0d1aefa64, https://www.conad.it/assets/common/volantini/cno/vheyco/HeyConad_SpesaOnlineBIO_A4.pdf?_u=f7c0ad3af49a4eb7e6567390e0b0cd8121bf7a62, https://www.conad.it/assets/common/volantini/cno/vmi-pr/MI_PREMIO_27-02_CN_TOSCANA.pdf?_u=56a0e6f5edee8e2ee4613b7cdbfd309667e2227a"
https://www.conad.it/ricerca-negozi/conad-via-sarzanese-snc-55054-massarosa--000824,"https://www.conad.it/assets/common/volantini/cno/v2506p/2506P_CONAD_TOSCANA_PERS.pdf?_u=50779c474545c6ff28c14ec4986e1ca0d3d2ca28, https://www.conad.it/assets/common/volantini/cno/vloc-s/LOC_SCSSCNCY_TO_13-03-25.pdf?_u=eb61ac6de769963f59a7da72e92752b617bf0b14, https://www.conad.it/assets/common/volantini/cno/v2505p/2505P_CONAD_TOSCANA_PERS.pdf?_u=9222615a89a3a108c38dc85f6075bec0d1aefa64, https://www.conad.it/assets/common/volantini/cno/vheyco/HeyConad_SpesaOnlineBIO_A4.pdf?_u=f7c0ad3af49a4eb7e6567390e0b0cd8121bf7a62, https://www.conad.it/assets/common/volantini/cno/vmi-pr/MI_PREMIO_27-02_CN_TOSCANA.pdf?_u=56a0e6f5edee8e2ee4613b7cdbfd309667e2227a"
https://www.conad.it/ricerca-negozi/conad-city-via-san-giuseppe-cottolengo-5-56125-pisa--009203,"https://www.conad.it/assets/common/volantini/cno/v2506p/2506P_CITY_TOSCANA_PERS.pdf?_u=bf113a8ac30e0aef710db6539ad299370fa8e907, https://www.conad.it/assets/common/volantini/cno/vloc-s/LOC_SCSSCNCY_TO_13-03-25.pdf?_u=eb61ac6de769963f59a7da72e92752b617bf0b14, https://www.conad.it/assets/common/volantini/cno/v2505p/2505P_CITY_TOSCANA_PERS.pdf?_u=f45f1dda7157af7ca717014be9bdbcb1240fbee2, https://www.conad.it/assets/common/volantini/cno/vheyco/HeyConad_SpesaOnlineBIO_A4.pdf?_u=f7c0ad3af49a4eb7e6567390e0b0cd8121bf7a62, https://www.conad.it/assets/common/volantini/cno/vmi-pr/MI_PREMIO_27-02_CY_TOSCANA.pdf?_u=572303465965a8f67eb781f06449e1b3d70a0ce1"
https://www.conad.it/ricerca-negozi/conad-via-dellantimonio-4-8-57017-livorno--004841,"https://www.conad.it/assets/common/volantini/cno/v20252/20252506PCONADTOSCANA.pdf?_u=1d64585c46905335ab98147710318cc1399be773, https://www.conad.it/assets/common/volantini/cno/vloc-s/LOC_SCSSCNCY_TO_13-03-25.pdf?_u=eb61ac6de769963f59a7da72e92752b617bf0b14, https://www.conad.it/assets/common/volantini/cno/v20252/20252505PCONADTOSCANA.pdf?_u=28aaf91f5bd4de857101640e6eab118a88ffa84c, https://www.conad.it/assets/common/volantini/cno/vheyco/HeyConad_SpesaOnlineBIO_A4.pdf?_u=f7c0ad3af49a4eb7e6567390e0b0cd8121bf7a62, https://www.conad.it/assets/common/volantini/cno/vmi-pr/MI_PREMIO_27-02_CN_TOSCANA.pdf?_u=56a0e6f5edee8e2ee4613b7cdbfd309667e2227a"
https://www.conad.it/ricerca-negozi/conad-via-provinciale-pisana-172-50050-cerreto-guidi--002485,"https://www.conad.it/assets/common/volantini/cno/v2506p/2506P_CONAD_TOSCANA_PERS.pdf?_u=50779c474545c6ff28c14ec4986e1ca0d3d2ca28, https://www.conad.it/assets/common/volantini/cno/vloc-s/LOC_SCSSCNCY_TO_13-03-25.pdf?_u=eb61ac6de769963f59a7da72e92752b617bf0b14, https://www.conad.it/assets/common/volantini/cno/v2505p/2505P_CONAD_TOSCANA_PERS.pdf?_u=9222615a89a3a108c38dc85f6075bec0d1aefa64, https://www.conad.it/assets/common/volantini/cno/vheyco/HeyConad_SpesaOnlineBIO_A4.pdf?_u=f7c0ad3af49a4eb7e6567390e0b0cd8121bf7a62, https://www.conad.it/assets/common/volantini/cno/vmi-pr/MI_PREMIO_27-02_CN_TOSCANA.pdf?_u=56a0e6f5edee8e2ee4613b7cdbfd309667e2227a"
https://www.conad.it/ricerca-negozi/conad-city-via-fagiuoli-10-57125-livorno--000797,"https://www.conad.it/assets/common/volantini/cno/v20252/20252506PCITYTOSCANA.pdf?_u=686d96d007ec20318dd92f6eea5afea2ec9b07ab, https://www.conad.it/assets/common/volantini/cno/vloc-s/LOC_SCSSCNCY_TO_13-03-25.pdf?_u=eb61ac6de769963f59a7da72e92752b617bf0b14, https://www.conad.it/assets/common/volantini/cno/v20252/20252505PCITYTOSCANA.pdf?_u=0a3a834ce58c3380c2d9dd649b7f39cb066719c4, https://www.conad.it/assets/common/volantini/cno/vmi-pr/MI_PREMIO_27-02_CY_TOSCANA.pdf?_u=572303465965a8f67eb781f06449e1b3d70a0ce1"
https://www.conad.it/ricerca-negozi/conad-via-caravaggio-snc-56029-santa-croce-sullarno--009869,
https://www.conad.it/ricerca-negozi/conad-city-via-giotto-15-57128-livorno--000811,"https://www.conad.it/assets/common/volantini/cno/v20252/20252506PCITYTOSCANA.pdf?_u=686d96d007ec20318dd92f6eea5afea2ec9b07ab, https://www.conad.it/assets/common/volantini/cno/vloc-s/LOC_SCSSCNCY_TO_13-03-25.pdf?_u=eb61ac6de769963f59a7da72e92752b617bf0b14, https://www.conad.it/assets/common/volantini/cno/v20252/20252505PCITYTOSCANA.pdf?_u=0a3a834ce58c3380c2d9dd649b7f39cb066719c4, https://www.conad.it/assets/common/volantini/cno/vmi-pr/MI_PREMIO_27-02_CY_TOSCANA.pdf?_u=572303465965a8f67eb781f06449e1b3d70a0ce1"
https://www.conad.it/ricerca-negozi/conad-via-malaspina-angolo-via-arpiola-snc-54028-villafranca-in-lunigiana--008934,"https://www.conad.it/assets/common/volantini/cno/v20252/20252506PCONADTOSCANA.pdf?_u=1d64585c46905335ab98147710318cc1399be773, https://www.conad.it/assets/common/volantini/cno/vloc-s/LOC_SCSSCNCY_SP_13-03-25.pdf?_u=d723fa8aae58d1aec4b875899300c38d9a28c29f, https://www.conad.it/assets/common/volantini/cno/v20252/20252505PCONADTOSCANA.pdf?_u=28aaf91f5bd4de857101640e6eab118a88ffa84c, https://www.conad.it/assets/common/volantini/cno/vheyco/HeyConad_SpesaOnlineBIO_A4.pdf?_u=f7c0ad3af49a4eb7e6567390e0b0cd8121bf7a62, https://www.conad.it/assets/common/volantini/cno/vmi-pr/MI_PREMIO_27-02_CN_TOSCANA.pdf?_u=56a0e6f5edee8e2ee4613b7cdbfd309667e2227a"
https://www.conad.it/ricerca-negozi/conad-city-via-delle-lastre-26-57122-livorno--000805,"https://www.conad.it/assets/common/volantini/cno/v20252/20252506PCITYTOSCANA.pdf?_u=686d96d007ec20318dd92f6eea5afea2ec9b07ab, https://www.conad.it/assets/common/volantini/cno/vloc-s/LOC_SCSSCNCY_TO_13-03-25.pdf?_u=eb61ac6de769963f59a7da72e92752b617bf0b14, https://www.conad.it/assets/common/volantini/cno/v20252/20252505PCITYTOSCANA.pdf?_u=0a3a834ce58c3380c2d9dd649b7f39cb066719c4, https://www.conad.it/assets/common/volantini/cno/vmi-pr/MI_PREMIO_27-02_CY_TOSCANA.pdf?_u=572303465965a8f67eb781f06449e1b3d70a0ce1"
https://www.conad.it/ricerca-negozi/pet-store-conad-via-caravaggio-snc-56029-santa-croce-sullarno--050458,https://www.conad.it/assets/common/volantini/cno/vvolan/Volantino-Conad-Superstore-Ovest-Tirreno-Petstore-27-Febbraio-26-Marzo-2025.pdf?_u=5626d0c695fb169b4cdff985a97402b7dc2bad54
https://www.conad.it/ricerca-negozi/conad-city-via-carlo-puini-97-57128-livorno--000798,"https://www.conad.it/assets/common/volantini/cno/v20252/20252506PCITYTOSCANA.pdf?_u=686d96d007ec20318dd92f6eea5afea2ec9b07ab, https://www.conad.it/assets/common/volantini/cno/vloc-s/LOC_SCSSCNCY_TO_13-03-25.pdf?_u=eb61ac6de769963f59a7da72e92752b617bf0b14, https://www.conad.it/assets/common/volantini/cno/v20252/20252505PCITYTOSCANA.pdf?_u=0a3a834ce58c3380c2d9dd649b7f39cb066719c4, https://www.conad.it/assets/common/volantini/cno/vheyco/HeyConad_SpesaOnlineBIO_A4.pdf?_u=f7c0ad3af49a4eb7e6567390e0b0cd8121bf7a62, https://www.conad.it/assets/common/volantini/cno/vmi-pr/MI_PREMIO_27-02_CY_TOSCANA.pdf?_u=572303465965a8f67eb781f06449e1b3d70a0ce1"
https://www.conad.it/ricerca-negozi/pet-store-conad-via-fagiuoli-snc-57125-livorno--050703,https://www.conad.it/assets/common/volantini/cno/vvolan/Volantino-Conad-Superstore-Ovest-Tirreno-Petstore-27-Febbraio-26-Marzo-2025.pdf?_u=5626d0c695fb169b4cdff985a97402b7dc2bad54
https://www.conad.it/ricerca-negozi/pet-store-conad-via-francesca-sud-50-51015-monsummano-terme--050782,https://www.conad.it/assets/common/volantini/cno/vvolan/Volantino-Conad-Superstore-Ovest-Tirreno-Petstore-27-Febbraio-26-Marzo-2025.pdf?_u=5626d0c695fb169b4cdff985a97402b7dc2bad54
https://www.conad.it/ricerca-negozi/conad-via-c-marx-27-57014-collesalvetti--000802,"https://www.conad.it/assets/common/volantini/cno/v20252/20252506PCONADTOSCANA.pdf?_u=1d64585c46905335ab98147710318cc1399be773, https://www.conad.it/assets/common/volantini/cno/vloc-s/LOC_SCSSCNCY_TO_13-03-25.pdf?_u=eb61ac6de769963f59a7da72e92752b617bf0b14, https://www.conad.it/assets/common/volantini/cno/v20252/20252505PCONADTOSCANA.pdf?_u=28aaf91f5bd4de857101640e6eab118a88ffa84c, https://www.conad.it/assets/common/volantini/cno/vheyco/HeyConad_SpesaOnlineBIO_A4.pdf?_u=f7c0ad3af49a4eb7e6567390e0b0cd8121bf7a62, https://www.conad.it/assets/common/volantini/cno/vmi-pr/MI_PREMIO_27-02_CN_TOSCANA.pdf?_u=56a0e6f5edee8e2ee4613b7cdbfd309667e2227a"
https://www.conad.it/ricerca-negozi/conad-superstore-via-francesca-sud-50-51015-monsummano-terme--010133,"https://www.conad.it/assets/common/volantini/cno/v2506p/2506P_SUPERSTORE_TOSCANA_PERS.pdf?_u=07aa3b5b989f1784ad96e9ae150868d441cd0198, https://www.conad.it/assets/common/volantini/cno/vloc-s/LOC_SCSSCNCY_TO_13-03-25.pdf?_u=eb61ac6de769963f59a7da72e92752b617bf0b14, https://www.conad.it/assets/common/volantini/cno/v2505p/2505P_SUPERSTORE_TOSCANA_PERS.pdf?_u=a927b30a40609c2bb28f0191ba0306a1243b284c, https://www.conad.it/assets/common/volantini/cno/vheyco/HeyConad_SpesaOnlineBIO_A4.pdf?_u=f7c0ad3af49a4eb7e6567390e0b0cd8121bf7a62, https://www.conad.it/assets/common/volantini/cno/vmi-pr/MI_PREMIO_27-02_SC-SS_TOSCANA.pdf?_u=82174e59d68eb5115f33f782e91a2293c96b0f95"
https://www.conad.it/ricerca-negozi/conad-via-grande-166-57100-livorno--008697,"https://www.conad.it/assets/common/volantini/cno/v20252/20252506PCONADTOSCANA.pdf?_u=1d64585c46905335ab98147710318cc1399be773, https://www.conad.it/assets/common/volantini/cno/vloc-s/LOC_SCSSCNCY_TO_13-03-25.pdf?_u=eb61ac6de769963f59a7da72e92752b617bf0b14, https://www.conad.it/assets/common/volantini/cno/v20252/20252505PCONADTOSCANA.pdf?_u=28aaf91f5bd4de857101640e6eab118a88ffa84c, https://www.conad.it/assets/common/volantini/cno/vheyco/HeyConad_SpesaOnlineBIO_A4.pdf?_u=f7c0ad3af49a4eb7e6567390e0b0cd8121bf7a62, https://www.conad.it/assets/common/volantini/cno/vmi-pr/MI_PREMIO_27-02_CN_TOSCANA.pdf?_u=56a0e6f5edee8e2ee4613b7cdbfd309667e2227a"
https://www.conad.it/ricerca-negozi/conad-city-via-dei-tulipani-1-56128-pisa--009459,"https://www.conad.it/assets/common/volantini/cno/v2506p/2506P_CITY_TOSCANA_PERS.pdf?_u=bf113a8ac30e0aef710db6539ad299370fa8e907, https://www.conad.it/assets/common/volantini/cno/vloc-s/LOC_SCSSCNCY_TO_13-03-25.pdf?_u=eb61ac6de769963f59a7da72e92752b617bf0b14, https://www.conad.it/assets/common/volantini/cno/v2505p/2505P_CITY_TOSCANA_PERS.pdf?_u=f45f1dda7157af7ca717014be9bdbcb1240fbee2, https://www.conad.it/assets/common/volantini/cno/vmi-pr/MI_PREMIO_27-02_CY_TOSCANA.pdf?_u=572303465965a8f67eb781f06449e1b3d70a0ce1"
https://www.conad.it/ricerca-negozi/conad-via-spartaco-carli-8-56024-san-miniato--010635,"https://www.conad.it/assets/common/volantini/cno/v2506p/2506P_CONAD_TOSCANA_PERS.pdf?_u=50779c474545c6ff28c14ec4986e1ca0d3d2ca28, https://www.conad.it/assets/common/volantini/cno/vloc-s/LOC_SCSSCNCY_TO_13-03-25.pdf?_u=eb61ac6de769963f59a7da72e92752b617bf0b14, https://www.conad.it/assets/common/volantini/cno/v2505p/2505P_CONAD_TOSCANA_PERS.pdf?_u=9222615a89a3a108c38dc85f6075bec0d1aefa64, https://www.conad.it/assets/common/volantini/cno/vheyco/HeyConad_SpesaOnlineBIO_A4.pdf?_u=f7c0ad3af49a4eb7e6567390e0b0cd8121bf7a62, https://www.conad.it/assets/common/volantini/cno/vmi-pr/MI_PREMIO_27-02_CN_TOSCANA.pdf?_u=56a0e6f5edee8e2ee4613b7cdbfd309667e2227a"
https://www.conad.it/ricerca-negozi/conad-city-via-antonio-gramsci-178-57125-livorno--003696,"https://www.conad.it/assets/common/volantini/cno/v20252/20252506PCITYTOSCANA.pdf?_u=686d96d007ec20318dd92f6eea5afea2ec9b07ab, https://www.conad.it/assets/common/volantini/cno/vloc-s/LOC_SCSSCNCY_TO_13-03-25.pdf?_u=eb61ac6de769963f59a7da72e92752b617bf0b14, https://www.conad.it/assets/common/volantini/cno/v20252/20252505PCITYTOSCANA.pdf?_u=0a3a834ce58c3380c2d9dd649b7f39cb066719c4, https://www.conad.it/assets/common/volantini/cno/vheyco/HeyConad_SpesaOnlineBIO_A4.pdf?_u=f7c0ad3af49a4eb7e6567390e0b0cd8121bf7a62, https://www.conad.it/assets/common/volantini/cno/vmi-pr/MI_PREMIO_27-02_CY_TOSCANA.pdf?_u=572303465965a8f67eb781f06449e1b3d70a0ce1"
https://www.conad.it/ricerca-negozi/conad-city-viale-del-tirreno-215-56128-pisa--002519,"https://www.conad.it/assets/common/volantini/cno/v2506p/2506P_CITY_TOSCANA_PERS.pdf?_u=bf113a8ac30e0aef710db6539ad299370fa8e907, https://www.conad.it/assets/common/volantini/cno/vloc-s/LOC_SCSSCNCY_TO_13-03-25.pdf?_u=eb61ac6de769963f59a7da72e92752b617bf0b14, https://www.conad.it/assets/common/volantini/cno/v2505p/2505P_CITY_TOSCANA_PERS.pdf?_u=f45f1dda7157af7ca717014be9bdbcb1240fbee2, https://www.conad.it/assets/common/volantini/cno/vheyco/HeyConad_SpesaOnlineBIO_A4.pdf?_u=f7c0ad3af49a4eb7e6567390e0b0cd8121bf7a62, https://www.conad.it/assets/common/volantini/cno/vmi-pr/MI_PREMIO_27-02_CY_TOSCANA.pdf?_u=572303465965a8f67eb781f06449e1b3d70a0ce1"
https://www.conad.it/ricerca-negozi/conad-via-risorgimento-431-b-51015-monsummano-terme--008458,"https://www.conad.it/assets/common/volantini/cno/v2506p/2506P_CONAD_TOSCANA_PERS.pdf?_u=50779c474545c6ff28c14ec4986e1ca0d3d2ca28, https://www.conad.it/assets/common/volantini/cno/vloc-s/LOC_SCSSCNCY_TO_13-03-25.pdf?_u=eb61ac6de769963f59a7da72e92752b617bf0b14, https://www.conad.it/assets/common/volantini/cno/v2505p/2505P_CONAD_TOSCANA_PERS.pdf?_u=9222615a89a3a108c38dc85f6075bec0d1aefa64, https://www.conad.it/assets/common/volantini/cno/vheyco/HeyConad_SpesaOnlineBIO_A4.pdf?_u=f7c0ad3af49a4eb7e6567390e0b0cd8121bf7a62, https://www.conad.it/assets/common/volantini/cno/vmi-pr/MI_PREMIO_27-02_CN_TOSCANA.pdf?_u=56a0e6f5edee8e2ee4613b7cdbfd309667e2227a"
https://www.conad.it/ricerca-negozi/conad-city-borgo-santjacopo-83-57126-livorno--008616,"https://www.conad.it/assets/common/volantini/cno/v20252/20252506PCITYTOSCANA.pdf?_u=686d96d007ec20318dd92f6eea5afea2ec9b07ab, https://www.conad.it/assets/common/volantini/cno/vloc-s/LOC_SCSSCNCY_TO_13-03-25.pdf?_u=eb61ac6de769963f59a7da72e92752b617bf0b14, https://www.conad.it/assets/common/volantini/cno/v20252/20252505PCITYTOSCANA.pdf?_u=0a3a834ce58c3380c2d9dd649b7f39cb066719c4, https://www.conad.it/assets/common/volantini/cno/vmi-pr/MI_PREMIO_27-02_CY_TOSCANA.pdf?_u=572303465965a8f67eb781f06449e1b3d70a0ce1"
https://www.conad.it/ricerca-negozi/conad-via-dellimpresa-14-57014-collesalvetti--000804,"https://www.conad.it/assets/common/volantini/cno/v20252/20252506PCONADTOSCANA.pdf?_u=1d64585c46905335ab98147710318cc1399be773, https://www.conad.it/assets/common/volantini/cno/vloc-s/LOC_SCSSCNCY_TO_13-03-25.pdf?_u=eb61ac6de769963f59a7da72e92752b617bf0b14, https://www.conad.it/assets/common/volantini/cno/v20252/20252505PCONADTOSCANA.pdf?_u=28aaf91f5bd4de857101640e6eab118a88ffa84c, https://www.conad.it/assets/common/volantini/cno/vheyco/HeyConad_SpesaOnlineBIO_A4.pdf?_u=f7c0ad3af49a4eb7e6567390e0b0cd8121bf7a62, https://www.conad.it/assets/common/volantini/cno/vmi-pr/MI_PREMIO_27-02_CN_TOSCANA.pdf?_u=56a0e6f5edee8e2ee4613b7cdbfd309667e2227a"
https://www.conad.it/ricerca-negozi/conad-city-via-antonio-gramsci-19-56010-vecchiano--006513,"https://www.conad.it/assets/common/volantini/cno/v2506p/2506P_CITY_TOSCANA_PERS.pdf?_u=bf113a8ac30e0aef710db6539ad299370fa8e907, https://www.conad.it/assets/common/volantini/cno/vloc-s/LOC_SCSSCNCY_TO_13-03-25.pdf?_u=eb61ac6de769963f59a7da72e92752b617bf0b14, https://www.conad.it/assets/common/volantini/cno/v2505p/2505P_CITY_TOSCANA_PERS.pdf?_u=f45f1dda7157af7ca717014be9bdbcb1240fbee2, https://www.conad.it/assets/common/volantini/cno/vmi-pr/MI_PREMIO_27-02_CY_TOSCANA.pdf?_u=572303465965a8f67eb781f06449e1b3d70a0ce1"
https://www.conad.it/ricerca-negozi/conad-city-via-padre-alessandro-baroni-9-15-57124-livorno--006504,"https://www.conad.it/assets/common/volantini/cno/v20252/20252506PCITYTOSCANA.pdf?_u=686d96d007ec20318dd92f6eea5afea2ec9b07ab, https://www.conad.it/assets/common/volantini/cno/vloc-s/LOC_SCSSCNCY_TO_13-03-25.pdf?_u=eb61ac6de769963f59a7da72e92752b617bf0b14, https://www.conad.it/assets/common/volantini/cno/v20252/20252505PCITYTOSCANA.pdf?_u=0a3a834ce58c3380c2d9dd649b7f39cb066719c4, https://www.conad.it/assets/common/volantini/cno/vheyco/HeyConad_SpesaOnlineBIO_A4.pdf?_u=f7c0ad3af49a4eb7e6567390e0b0cd8121bf7a62, https://www.conad.it/assets/common/volantini/cno/vmi-pr/MI_PREMIO_27-02_CY_TOSCANA.pdf?_u=572303465965a8f67eb781f06449e1b3d70a0ce1"
https://www.conad.it/ricerca-negozi/pet-store-conad-via-dellimpresa-14-57014-collesalvetti--050901,https://www.conad.it/assets/common/volantini/cno/vvolan/Volantino-Conad-Superstore-Ovest-Tirreno-Petstore-27-Febbraio-26-Marzo-2025.pdf?_u=5626d0c695fb169b4cdff985a97402b7dc2bad54
https://www.conad.it/ricerca-negozi/pet-store-conad-via-pietrasantina-madonna-dellacqua-snc-56017-san-giuliano-terme--050722,https://www.conad.it/assets/common/volantini/cno/vvolan/Volantino-Conad-Superstore-Ovest-Tirreno-Petstore-27-Febbraio-26-Marzo-2025.pdf?_u=5626d0c695fb169b4cdff985a97402b7dc2bad54
https://www.conad.it/ricerca-negozi/conad-city-via-del-vigna-179-b-57121-livorno--010406,"https://www.conad.it/assets/common/volantini/cno/v20252/20252506PCITYTOSCANA.pdf?_u=686d96d007ec20318dd92f6eea5afea2ec9b07ab, https://www.conad.it/assets/common/volantini/cno/vloc-s/LOC_SCSSCNCY_TO_13-03-25.pdf?_u=eb61ac6de769963f59a7da72e92752b617bf0b14, https://www.conad.it/assets/common/volantini/cno/v20252/20252505PCITYTOSCANA.pdf?_u=0a3a834ce58c3380c2d9dd649b7f39cb066719c4, https://www.conad.it/assets/common/volantini/cno/vmi-pr/MI_PREMIO_27-02_CY_TOSCANA.pdf?_u=572303465965a8f67eb781f06449e1b3d70a0ce1"
https://www.conad.it/ricerca-negozi/conad-city-via-maiorca-39-56013-pisa--003697,"https://www.conad.it/assets/common/volantini/cno/v2506p/2506P_CITY_TOSCANA_PERS.pdf?_u=bf113a8ac30e0aef710db6539ad299370fa8e907, https://www.conad.it/assets/common/volantini/cno/vloc-s/LOC_SCSSCNCY_TO_13-03-25.pdf?_u=eb61ac6de769963f59a7da72e92752b617bf0b14, https://www.conad.it/assets/common/volantini/cno/v2505p/2505P_CITY_TOSCANA_PERS.pdf?_u=f45f1dda7157af7ca717014be9bdbcb1240fbee2, https://www.conad.it/assets/common/volantini/cno/vheyco/HeyConad_SpesaOnlineBIO_A4.pdf?_u=f7c0ad3af49a4eb7e6567390e0b0cd8121bf7a62, https://www.conad.it/assets/common/volantini/cno/vmi-pr/MI_PREMIO_27-02_CY_TOSCANA.pdf?_u=572303465965a8f67eb781f06449e1b3d70a0ce1"
https://www.conad.it/ricerca-negozi/spazio-conad-via-pietrasantina-31-56017-san-giuliano-terme--003699,"https://www.conad.it/assets/common/volantini/cno/v2506a/2506A_SPAZIO_TOSCANA_PISA_RILANCIO.pdf?_u=53cfaec8d69cb43d9d099ae802bfb9915ee2464a, https://www.conad.it/assets/common/volantini/cno/vloc-s/LOC_SCSSCNCY_TO_13-03-25.pdf?_u=eb61ac6de769963f59a7da72e92752b617bf0b14, https://www.conad.it/assets/common/volantini/cno/v2506a/2506A_SPAZIO_TOSCANA_PISA.pdf?_u=243071aee0d0b5b4039885332667ececce150231, https://www.conad.it/assets/common/volantini/cno/v-heyc/_HeyConad_Sconto_Prima_Spesa_A4.pdf?_u=27a4f8ca73ab016bbe1157422c94e1b907b06a0b, https://www.conad.it/assets/common/volantini/cno/vheyco/HeyConad_SpesaOnlineBIO_A4.pdf?_u=f7c0ad3af49a4eb7e6567390e0b0cd8121bf7a62, https://www.conad.it/assets/common/volantini/cno/vcat-s/CAT_SC_TOLAEMPILI_07-03-25_GIARDINO.pdf?_u=dddd7cafe06607684a0012c026eb40a74b017f18, https://www.conad.it/assets/common/volantini/cno/vmi-pr/MI_PREMIO_27-02_SC-SS_TOSCANA.pdf?_u=82174e59d68eb5115f33f782e91a2293c96b0f95"
https://www.conad.it/ricerca-negozi/conad-city-via-della-pieve-snc-57100-livorno--009501,"https://www.conad.it/assets/common/volantini/cno/v20252/20252506PCITYTOSCANA.pdf?_u=686d96d007ec20318dd92f6eea5afea2ec9b07ab, https://www.conad.it/assets/common/volantini/cno/vloc-s/LOC_SCSSCNCY_TO_13-03-25.pdf?_u=eb61ac6de769963f59a7da72e92752b617bf0b14, https://www.conad.it/assets/common/volantini/cno/v20252/20252505PCITYTOSCANA.pdf?_u=0a3a834ce58c3380c2d9dd649b7f39cb066719c4, https://www.conad.it/assets/common/volantini/cno/vmi-pr/MI_PREMIO_27-02_CY_TOSCANA.pdf?_u=572303465965a8f67eb781f06449e1b3d70a0ce1"
https://www.conad.it/ricerca-negozi/conad-city-via-giovanni-xxiii-26-50033-firenzuola--008999,"https://www.conad.it/assets/common/volantini/cno/v2506p/2506P_CITY_TOSCANA_PERS.pdf?_u=bf113a8ac30e0aef710db6539ad299370fa8e907, https://www.conad.it/assets/common/volantini/cno/vloc-s/LOC_SCSSCNCY_TO_13-03-25.pdf?_u=eb61ac6de769963f59a7da72e92752b617bf0b14, https://www.conad.it/assets/common/volantini/cno/v-heyc/_HeyConad_Sconto_Prima_Spesa_A4.pdf?_u=27a4f8ca73ab016bbe1157422c94e1b907b06a0b, https://www.conad.it/assets/common/volantini/cno/v2505p/2505P_CITY_TOSCANA_PERS.pdf?_u=f45f1dda7157af7ca717014be9bdbcb1240fbee2, https://www.conad.it/assets/common/volantini/cno/vheyco/HeyConad_SpesaOnlineBIO_A4.pdf?_u=f7c0ad3af49a4eb7e6567390e0b0cd8121bf7a62, https://www.conad.it/assets/common/volantini/cno/vmi-pr/MI_PREMIO_27-02_CY_TOSCANA.pdf?_u=572303465965a8f67eb781f06449e1b3d70a0ce1"
https://www.conad.it/ricerca-negozi/conad-via-emanuele-filiberto-9-56121-pisa--010529,"https://www.conad.it/assets/common/volantini/cno/v2506p/2506P_CONAD_TOSCANA_PERS.pdf?_u=50779c474545c6ff28c14ec4986e1ca0d3d2ca28, https://www.conad.it/assets/common/volantini/cno/vloc-s/LOC_SCSSCNCY_TO_13-03-25.pdf?_u=eb61ac6de769963f59a7da72e92752b617bf0b14, https://www.conad.it/assets/common/volantini/cno/v2505p/2505P_CONAD_TOSCANA_PERS.pdf?_u=9222615a89a3a108c38dc85f6075bec0d1aefa64, https://www.conad.it/assets/common/volantini/cno/vheyco/HeyConad_SpesaOnlineBIO_A4.pdf?_u=f7c0ad3af49a4eb7e6567390e0b0cd8121bf7a62, https://www.conad.it/assets/common/volantini/cno/vmi-pr/MI_PREMIO_27-02_CN_TOSCANA.pdf?_u=56a0e6f5edee8e2ee4613b7cdbfd309667e2227a"
